timestamp_utc	profile	phase	elapsed_s	cpu_temp_c	gpu_temp_c	amdgpu_power_w	freq_avg_mhz	policy_max_mhz	hardware_max_mhz	load1	thermal_throttle_count
2026-09-20T10:20:21Z	performance	cooldown-before	0	47.2	43.0	12.548	2960.66	5137.90	5137.90	1.99	NA
2026-09-20T10:20:21Z	performance	one-core	0	47.2	44.0	12.740	2868.68	5137.90	5137.90	1.99	NA
2026-09-20T10:20:23Z	performance	one-core	2	59.5	46.0	17.966	3344.25	5137.90	5137.90	1.99	NA
2026-09-20T10:20:25Z	performance	one-core	4	62.2	47.0	18.916	3044.01	5137.90	5137.90	1.99	NA
2026-09-20T10:20:27Z	performance	one-core	6	63.2	47.0	20.347	3521.53	5137.90	5137.90	1.99	NA
2026-09-20T10:20:29Z	performance	one-core	8	63.5	47.0	19.459	3242.53	5137.90	5137.90	1.99	NA
2026-09-20T10:20:31Z	performance	one-core	10	63.5	47.0	18.700	2885.13	5137.90	5137.90	1.99	NA
2026-09-20T10:20:33Z	performance	one-core	12	63.9	47.0	19.401	2955.06	5137.90	5137.90	2.16	NA
2026-09-20T10:20:35Z	performance	one-core	14	64.6	49.0	21.859	2965.99	5137.90	5137.90	2.16	NA
2026-09-20T10:20:37Z	performance	one-core	16	64.9	48.0	20.970	3158.20	5137.90	5137.90	2.14	NA
2026-09-20T10:20:39Z	performance	one-core	18	64.8	48.0	19.404	2657.45	5137.90	5137.90	2.14	NA
2026-09-20T10:20:41Z	performance	one-core	20	64.8	48.0	18.991	2917.83	5137.90	5137.90	2.13	NA
2026-09-20T10:20:43Z	performance	one-core	22	64.9	48.0	19.091	3265.59	5137.90	5137.90	2.13	NA
2026-09-20T10:20:45Z	performance	one-core	24	65.0	48.0	19.174	3059.06	5137.90	5137.90	2.13	NA
2026-09-20T10:20:47Z	performance	one-core	26	65.4	48.0	20.997	3340.87	5137.90	5137.90	2.12	NA
2026-09-20T10:20:49Z	performance	one-core	28	65.4	49.0	20.591	3512.59	5137.90	5137.90	2.12	NA
2026-09-20T10:20:51Z	performance	one-core	30	65.4	48.0	19.517	3234.21	5137.90	5137.90	2.03	NA
2026-09-20T10:20:53Z	performance	one-core	32	65.4	50.0	19.938	3980.47	5137.90	5137.90	2.03	NA
2026-09-20T10:20:55Z	performance	one-core	34	65.5	49.0	20.226	3666.72	5137.90	5137.90	2.03	NA
2026-09-20T10:20:57Z	performance	one-core	36	66.1	49.0	24.131	3034.11	5137.90	5137.90	2.27	NA
2026-09-20T10:20:59Z	performance	one-core	38	65.9	49.0	21.294	3607.89	5137.90	5137.90	2.27	NA
2026-09-20T10:21:01Z	performance	one-core	40	65.8	49.0	20.039	3075.24	5137.90	5137.90	2.41	NA
2026-09-20T10:21:04Z	performance	one-core	42	65.8	50.0	19.926	2816.75	5137.90	5137.90	2.41	NA
2026-09-20T10:21:06Z	performance	one-core	45	66.1	50.0	20.609	3160.27	5137.90	5137.90	2.41	NA
2026-09-20T10:21:08Z	performance	one-core	47	66.1	50.0	20.887	3311.02	5137.90	5137.90	2.37	NA
2026-09-20T10:21:10Z	performance	one-core	49	66.0	50.0	20.147	3463.00	5137.90	5137.90	2.37	NA
2026-09-20T10:21:12Z	performance	one-core	51	65.9	50.0	19.477	3224.21	5137.90	5137.90	2.42	NA
2026-09-20T10:21:14Z	performance	one-core	53	65.9	50.0	19.524	3515.10	5137.90	5137.90	2.42	NA
2026-09-20T10:21:16Z	performance	one-core	55	65.9	51.0	19.906	3446.64	5137.90	5137.90	2.42	NA
2026-09-20T10:21:18Z	performance	one-core	57	66.2	50.0	20.891	3193.78	5137.90	5137.90	2.39	NA
2026-09-20T10:21:20Z	performance	one-core	59	66.1	50.0	19.982	3136.76	5137.90	5137.90	2.39	NA
2026-09-20T10:21:22Z	performance	one-core	61	60.2	45.0	14.490	2587.74	5137.90	5137.90	2.28	NA
2026-09-20T10:21:22Z	performance	cooldown-between	0	60.0	46.0	14.713	3064.51	5137.90	5137.90	2.28	NA
2026-09-20T10:21:22Z	performance	all-core	0	60.0	47.0	14.877	3569.10	5137.90	5137.90	2.28	NA
2026-09-20T10:21:24Z	performance	all-core	2	74.2	54.0	53.380	4368.07	5137.90	5137.90	2.28	NA
2026-09-20T10:21:26Z	performance	all-core	4	68.5	52.0	40.066	4017.64	5137.90	5137.90	3.54	NA
2026-09-20T10:21:28Z	performance	all-core	6	65.2	53.0	35.943	3909.66	5137.90	5137.90	3.54	NA
2026-09-20T10:21:30Z	performance	all-core	8	64.4	53.0	35.155	4012.21	5137.90	5137.90	3.54	NA
2026-09-20T10:21:32Z	performance	all-core	10	64.2	53.0	35.033	3966.37	5137.90	5137.90	4.70	NA
2026-09-20T10:21:35Z	performance	all-core	13	64.4	54.0	35.013	3867.30	5137.90	5137.90	4.70	NA
2026-09-20T10:21:37Z	performance	all-core	15	65.0	55.0	35.021	3942.66	5137.90	5137.90	6.32	NA
2026-09-20T10:21:39Z	performance	all-core	17	65.6	55.0	34.990	4012.66	5137.90	5137.90	6.32	NA
2026-09-20T10:21:41Z	performance	all-core	19	66.0	56.0	35.005	3892.60	5137.90	5137.90	6.32	NA
2026-09-20T10:21:43Z	performance	all-core	21	66.4	56.0	35.003	3992.69	5137.90	5137.90	7.34	NA
2026-09-20T10:21:45Z	performance	all-core	23	66.8	56.0	35.017	3956.79	5137.90	5137.90	7.34	NA
2026-09-20T10:21:47Z	performance	all-core	25	67.1	57.0	35.036	2830.52	5137.90	5137.90	8.27	NA
2026-09-20T10:21:50Z	performance	all-core	27	67.5	56.0	35.025	3907.96	5137.90	5137.90	8.27	NA
2026-09-20T10:21:52Z	performance	all-core	30	67.8	57.0	34.995	3992.69	5137.90	5137.90	8.97	NA
2026-09-20T10:21:54Z	performance	all-core	32	67.8	57.0	34.996	3897.39	5137.90	5137.90	8.97	NA
2026-09-20T10:21:56Z	performance	all-core	34	68.1	57.0	35.015	3910.74	5137.90	5137.90	8.97	NA
2026-09-20T10:21:58Z	performance	all-core	36	68.4	58.0	34.986	4017.62	5137.90	5137.90	9.77	NA
2026-09-20T10:22:00Z	performance	all-core	38	69.0	58.0	34.998	3917.82	5137.90	5137.90	9.77	NA
2026-09-20T10:22:02Z	performance	all-core	40	69.1	58.0	34.987	4017.68	5137.90	5137.90	10.35	NA
2026-09-20T10:22:04Z	performance	all-core	42	69.4	58.0	34.986	4017.67	5137.90	5137.90	10.35	NA
2026-09-20T10:22:07Z	performance	all-core	44	69.5	59.0	34.986	4017.67	5137.90	5137.90	10.89	NA
2026-09-20T10:22:09Z	performance	all-core	47	69.8	59.0	34.999	3967.64	5137.90	5137.90	10.89	NA
2026-09-20T10:22:11Z	performance	all-core	49	70.0	59.0	35.010	3967.72	5137.90	5137.90	10.89	NA
2026-09-20T10:22:13Z	performance	all-core	51	70.0	59.0	34.998	3992.46	5137.90	5137.90	11.46	NA
2026-09-20T10:22:15Z	performance	all-core	53	70.0	59.0	35.009	3957.13	5137.90	5137.90	11.46	NA
2026-09-20T10:22:17Z	performance	all-core	55	70.1	59.0	34.998	3967.74	5137.90	5137.90	11.90	NA
2026-09-20T10:22:19Z	performance	all-core	57	70.1	59.0	34.980	4033.88	5137.90	5137.90	11.90	NA
2026-09-20T10:22:21Z	performance	all-core	59	70.4	59.0	34.996	3952.03	5137.90	5137.90	12.31	NA
2026-09-20T10:22:24Z	performance	all-core	61	70.4	59.0	34.981	4017.66	5137.90	5137.90	12.31	NA
2026-09-20T10:22:26Z	performance	all-core	64	70.4	59.0	34.984	3994.57	5137.90	5137.90	12.31	NA
2026-09-20T10:22:28Z	performance	all-core	66	70.5	59.0	34.994	3932.21	5137.90	5137.90	13.16	NA
2026-09-20T10:22:30Z	performance	all-core	68	70.6	59.0	34.994	3992.70	5137.90	5137.90	13.16	NA
2026-09-20T10:22:32Z	performance	all-core	70	70.8	59.0	34.981	3992.70	5137.90	5137.90	13.79	NA
2026-09-20T10:22:34Z	performance	all-core	72	70.8	59.0	34.988	4017.65	5137.90	5137.90	13.79	NA
2026-09-20T10:22:36Z	performance	all-core	74	70.9	60.0	35.009	3983.33	5137.90	5137.90	14.13	NA
2026-09-20T10:22:38Z	performance	all-core	76	70.9	60.0	34.995	3992.69	5137.90	5137.90	14.13	NA
2026-09-20T10:22:41Z	performance	all-core	78	71.0	60.0	34.989	3992.64	5137.90	5137.90	14.13	NA
2026-09-20T10:22:43Z	performance	all-core	81	71.0	60.0	34.988	3987.92	5137.90	5137.90	15.00	NA
2026-09-20T10:22:45Z	performance	all-core	83	71.1	60.0	34.982	4017.65	5137.90	5137.90	15.00	NA
2026-09-20T10:22:47Z	performance	all-core	85	71.4	60.0	34.993	3960.90	5137.90	5137.90	15.16	NA
2026-09-20T10:22:49Z	performance	all-core	87	71.4	60.0	35.031	3908.57	5137.90	5137.90	15.16	NA
2026-09-20T10:22:51Z	performance	all-core	89	71.5	60.0	35.031	3843.44	5137.90	5137.90	15.47	NA
2026-09-20T10:22:53Z	performance	all-core	91	71.6	60.0	35.020	3890.88	5137.90	5137.90	15.47	NA
2026-09-20T10:22:55Z	performance	all-core	93	71.6	60.0	35.003	3967.70	5137.90	5137.90	15.47	NA
2026-09-20T10:22:58Z	performance	all-core	95	71.5	60.0	34.980	4017.65	5137.90	5137.90	15.75	NA
2026-09-20T10:23:00Z	performance	all-core	98	71.8	61.0	35.024	3864.55	5137.90	5137.90	15.75	NA
2026-09-20T10:23:02Z	performance	all-core	100	71.9	60.0	35.004	3892.88	5137.90	5137.90	15.93	NA
2026-09-20T10:23:04Z	performance	all-core	102	72.0	61.0	34.983	3992.70	5137.90	5137.90	15.93	NA
2026-09-20T10:23:06Z	performance	all-core	104	72.0	61.0	34.983	4017.65	5137.90	5137.90	16.18	NA
2026-09-20T10:23:08Z	performance	all-core	106	72.1	61.0	35.019	3886.53	5137.90	5137.90	16.18	NA
2026-09-20T10:23:10Z	performance	all-core	108	72.1	61.0	34.998	3980.03	5137.90	5137.90	16.18	NA
2026-09-20T10:23:12Z	performance	all-core	110	72.2	61.0	34.988	3978.63	5137.90	5137.90	16.32	NA
2026-09-20T10:23:15Z	performance	all-core	113	72.2	61.0	35.019	3895.91	5137.90	5137.90	16.32	NA
2026-09-20T10:23:17Z	performance	all-core	115	72.4	61.0	35.022	3917.83	5137.90	5137.90	16.46	NA
2026-09-20T10:23:19Z	performance	all-core	117	72.5	61.0	34.983	3992.69	5137.90	5137.90	16.46	NA
2026-09-20T10:23:21Z	performance	all-core	119	72.6	61.0	35.030	3943.87	5137.90	5137.90	16.46	NA
2026-09-20T10:23:23Z	performance	all-core	121	72.9	62.0	35.023	3967.76	5137.90	5137.90	16.66	NA
2026-09-20T10:23:25Z	performance	all-core	123	72.9	62.0	34.990	3989.97	5137.90	5137.90	16.66	NA
2026-09-20T10:23:27Z	performance	all-core	125	72.9	62.0	35.021	3866.54	5137.90	5137.90	16.85	NA
2026-09-20T10:23:30Z	performance	all-core	127	72.9	62.0	35.010	3891.93	5137.90	5137.90	16.85	NA
2026-09-20T10:23:32Z	performance	all-core	130	73.0	62.0	34.989	3992.69	5137.90	5137.90	16.86	NA
2026-09-20T10:23:34Z	performance	all-core	132	73.1	62.0	35.018	3817.91	5137.90	5137.90	16.86	NA
2026-09-20T10:23:36Z	performance	all-core	134	73.2	62.0	35.035	3933.44	5137.90	5137.90	16.86	NA
2026-09-20T10:23:38Z	performance	all-core	136	73.4	62.0	35.002	3917.85	5137.90	5137.90	17.75	NA
2026-09-20T10:23:40Z	performance	all-core	138	73.2	62.0	34.996	3924.09	5137.90	5137.90	17.75	NA
2026-09-20T10:23:42Z	performance	all-core	140	73.4	62.0	34.999	3992.70	5137.90	5137.90	17.61	NA
2026-09-20T10:23:44Z	performance	all-core	142	73.6	62.0	35.027	3883.51	5137.90	5137.90	17.61	NA
2026-09-20T10:23:47Z	performance	all-core	144	73.6	62.0	35.018	3892.89	5137.90	5137.90	17.64	NA
2026-09-20T10:23:49Z	performance	all-core	147	73.6	63.0	35.004	3977.48	5137.90	5137.90	17.64	NA
2026-09-20T10:23:51Z	performance	all-core	149	73.6	62.0	35.025	3913.83	5137.90	5137.90	17.64	NA
2026-09-20T10:23:53Z	performance	all-core	151	73.8	62.0	35.007	3882.64	5137.90	5137.90	17.59	NA
2026-09-20T10:23:55Z	performance	all-core	153	73.6	62.0	34.997	3975.78	5137.90	5137.90	17.59	NA
2026-09-20T10:23:57Z	performance	all-core	155	73.5	62.0	34.985	3992.72	5137.90	5137.90	17.62	NA
2026-09-20T10:23:59Z	performance	all-core	157	73.4	62.0	35.010	3872.42	5137.90	5137.90	17.62	NA
2026-09-20T10:24:01Z	performance	all-core	159	73.2	62.0	35.000	3954.29	5137.90	5137.90	17.82	NA
2026-09-20T10:24:04Z	performance	all-core	161	73.2	62.0	34.987	3994.56	5137.90	5137.90	17.82	NA
2026-09-20T10:24:06Z	performance	all-core	164	73.1	62.0	34.977	3942.18	5137.90	5137.90	17.82	NA
2026-09-20T10:24:08Z	performance	all-core	166	73.0	61.0	34.998	3992.73	5137.90	5137.90	17.83	NA
2026-09-20T10:24:10Z	performance	all-core	168	73.0	62.0	35.015	3964.87	5137.90	5137.90	17.83	NA
2026-09-20T10:24:12Z	performance	all-core	170	73.0	62.0	35.003	3898.93	5137.90	5137.90	17.76	NA
2026-09-20T10:24:14Z	performance	all-core	172	72.9	62.0	34.986	3951.36	5137.90	5137.90	17.76	NA
2026-09-20T10:24:16Z	performance	all-core	174	73.1	61.0	34.990	3908.22	5137.90	5137.90	17.78	NA
2026-09-20T10:24:18Z	performance	all-core	176	72.9	61.0	34.988	3991.79	5137.90	5137.90	17.78	NA
2026-09-20T10:24:21Z	performance	all-core	178	72.9	61.0	35.033	3923.84	5137.90	5137.90	17.78	NA
2026-09-20T10:24:23Z	performance	all-core	181	72.8	62.0	34.996	3992.65	5137.90	5137.90	17.80	NA
2026-09-20T10:24:25Z	performance	all-core	183	72.6	61.0	35.014	3892.71	5137.90	5137.90	17.80	NA
2026-09-20T10:24:27Z	performance	all-core	185	72.8	61.0	34.992	3992.57	5137.90	5137.90	17.98	NA
2026-09-20T10:24:29Z	performance	all-core	187	72.8	61.0	34.985	4016.96	5137.90	5137.90	17.98	NA
2026-09-20T10:24:31Z	performance	all-core	189	72.8	62.0	34.987	4016.01	5137.90	5137.90	18.14	NA
2026-09-20T10:24:33Z	performance	all-core	191	72.9	61.0	35.022	3937.85	5137.90	5137.90	18.14	NA
2026-09-20T10:24:35Z	performance	all-core	193	72.8	62.0	35.019	3929.71	5137.90	5137.90	18.14	NA
2026-09-20T10:24:38Z	performance	all-core	195	72.9	61.0	35.015	3931.27	5137.90	5137.90	18.05	NA
2026-09-20T10:24:40Z	performance	all-core	198	72.8	61.0	35.020	3922.55	5137.90	5137.90	18.05	NA
2026-09-20T10:24:42Z	performance	all-core	200	72.8	62.0	34.999	3985.57	5137.90	5137.90	18.52	NA
2026-09-20T10:24:44Z	performance	all-core	202	72.8	61.0	34.985	3976.09	5137.90	5137.90	18.52	NA
2026-09-20T10:24:46Z	performance	all-core	204	72.8	62.0	35.016	3892.89	5137.90	5137.90	18.48	NA
2026-09-20T10:24:48Z	performance	all-core	206	72.9	62.0	35.021	3940.34	5137.90	5137.90	18.48	NA
2026-09-20T10:24:50Z	performance	all-core	208	72.9	62.0	35.010	3892.92	5137.90	5137.90	18.48	NA
2026-09-20T10:24:53Z	performance	all-core	210	72.8	62.0	35.027	3889.78	5137.90	5137.90	18.60	NA
2026-09-20T10:24:55Z	performance	all-core	213	72.8	62.0	34.992	4015.39	5137.90	5137.90	18.60	NA
2026-09-20T10:24:57Z	performance	all-core	215	72.9	62.0	34.987	4009.05	5137.90	5137.90	18.72	NA
2026-09-20T10:24:59Z	performance	all-core	217	72.9	61.0	35.002	3917.84	5137.90	5137.90	18.72	NA
2026-09-20T10:25:01Z	performance	all-core	219	72.8	61.0	34.993	3967.78	5137.90	5137.90	18.72	NA
2026-09-20T10:25:03Z	performance	all-core	221	72.8	61.0	34.989	3992.20	5137.90	5137.90	18.74	NA
2026-09-20T10:25:05Z	performance	all-core	223	72.6	61.0	35.020	3927.36	5137.90	5137.90	18.74	NA
2026-09-20T10:25:07Z	performance	all-core	225	72.8	62.0	35.017	3792.68	5137.90	5137.90	18.68	NA
2026-09-20T10:25:10Z	performance	all-core	227	72.9	61.0	34.995	3989.90	5137.90	5137.90	18.68	NA
2026-09-20T10:25:12Z	performance	all-core	230	72.6	61.0	35.003	3921.71	5137.90	5137.90	18.62	NA
2026-09-20T10:25:14Z	performance	all-core	232	72.5	61.0	35.026	3931.87	5137.90	5137.90	18.62	NA
2026-09-20T10:25:16Z	performance	all-core	234	72.6	61.0	34.983	4017.64	5137.90	5137.90	18.62	NA
2026-09-20T10:25:18Z	performance	all-core	236	72.6	61.0	35.028	3950.57	5137.90	5137.90	18.57	NA
2026-09-20T10:25:20Z	performance	all-core	238	72.6	61.0	35.007	3853.76	5137.90	5137.90	18.57	NA
2026-09-20T10:25:22Z	performance	all-core	240	72.6	61.0	34.981	3943.77	5137.90	5137.90	18.53	NA
2026-09-20T10:25:25Z	performance	all-core	242	72.6	61.0	35.013	3921.96	5137.90	5137.90	18.53	NA
2026-09-20T10:25:27Z	performance	all-core	245	72.6	61.0	34.986	3991.63	5137.90	5137.90	18.49	NA
2026-09-20T10:25:29Z	performance	all-core	247	72.6	61.0	34.980	3967.50	5137.90	5137.90	18.49	NA
2026-09-20T10:25:31Z	performance	all-core	249	72.5	61.0	34.992	3945.02	5137.90	5137.90	18.49	NA
2026-09-20T10:25:33Z	performance	all-core	251	72.4	61.0	35.014	3973.88	5137.90	5137.90	18.45	NA
2026-09-20T10:25:35Z	performance	all-core	253	72.1	60.0	34.992	3988.00	5137.90	5137.90	18.45	NA
2026-09-20T10:25:37Z	performance	all-core	255	71.9	60.0	34.986	3994.63	5137.90	5137.90	18.49	NA
2026-09-20T10:25:39Z	performance	all-core	257	71.6	60.0	35.015	3893.86	5137.90	5137.90	18.49	NA
2026-09-20T10:25:42Z	performance	all-core	259	71.4	60.0	35.002	3968.03	5137.90	5137.90	18.37	NA
2026-09-20T10:25:44Z	performance	all-core	262	71.1	59.0	35.034	3942.68	5137.90	5137.90	18.37	NA
2026-09-20T10:25:46Z	performance	all-core	264	70.9	59.0	35.009	3917.30	5137.90	5137.90	18.37	NA
2026-09-20T10:25:48Z	performance	all-core	266	70.8	59.0	35.000	3970.74	5137.90	5137.90	18.42	NA
2026-09-20T10:25:50Z	performance	all-core	268	70.5	59.0	35.014	3917.49	5137.90	5137.90	18.42	NA
2026-09-20T10:25:52Z	performance	all-core	270	70.4	59.0	34.997	3970.74	5137.90	5137.90	18.71	NA
2026-09-20T10:25:54Z	performance	all-core	272	70.1	59.0	35.006	3992.51	5137.90	5137.90	18.71	NA
2026-09-20T10:25:56Z	performance	all-core	274	70.0	59.0	34.986	3994.26	5137.90	5137.90	18.57	NA
2026-09-20T10:25:59Z	performance	all-core	276	69.9	59.0	34.995	4015.23	5137.90	5137.90	18.57	NA
2026-09-20T10:26:01Z	performance	all-core	279	69.8	59.0	35.047	3896.80	5137.90	5137.90	18.57	NA
2026-09-20T10:26:03Z	performance	all-core	281	69.8	58.0	35.022	3949.81	5137.90	5137.90	18.53	NA
2026-09-20T10:26:05Z	performance	all-core	283	69.5	59.0	34.996	3937.05	5137.90	5137.90	18.53	NA
2026-09-20T10:26:07Z	performance	all-core	285	69.4	59.0	35.027	3956.81	5137.90	5137.90	18.48	NA
2026-09-20T10:26:09Z	performance	all-core	287	69.4	58.0	35.019	3872.70	5137.90	5137.90	18.48	NA
2026-09-20T10:26:11Z	performance	all-core	289	69.4	58.0	34.998	3917.02	5137.90	5137.90	18.76	NA
2026-09-20T10:26:14Z	performance	all-core	291	69.4	58.0	34.983	3968.90	5137.90	5137.90	18.76	NA
2026-09-20T10:26:16Z	performance	all-core	294	69.2	58.0	34.999	3983.38	5137.90	5137.90	18.76	NA
2026-09-20T10:26:18Z	performance	all-core	296	69.2	58.0	35.002	3870.47	5137.90	5137.90	18.70	NA
2026-09-20T10:26:20Z	performance	all-core	298	69.1	58.0	34.999	4017.65	5137.90	5137.90	18.70	NA
2026-09-20T10:26:22Z	performance	all-core	300	69.1	58.0	34.993	4017.65	5137.90	5137.90	18.57	NA
2026-09-20T10:26:24Z	performance	all-core	302	69.1	58.0	34.980	3952.25	5137.90	5137.90	18.57	NA
2026-09-20T10:26:26Z	performance	all-core	304	69.1	58.0	35.023	3958.89	5137.90	5137.90	18.52	NA
2026-09-20T10:26:28Z	performance	all-core	306	69.0	58.0	35.007	3967.05	5137.90	5137.90	18.52	NA
2026-09-20T10:26:31Z	performance	all-core	308	69.0	58.0	34.982	4021.86	5137.90	5137.90	18.52	NA
2026-09-20T10:26:33Z	performance	all-core	311	69.2	58.0	34.993	3992.69	5137.90	5137.90	18.40	NA
2026-09-20T10:26:35Z	performance	all-core	313	69.0	58.0	34.985	4024.46	5137.90	5137.90	18.40	NA
2026-09-20T10:26:37Z	performance	all-core	315	68.9	58.0	35.012	3943.20	5137.90	5137.90	18.53	NA
2026-09-20T10:26:39Z	performance	all-core	317	68.8	57.0	34.987	4017.60	5137.90	5137.90	18.53	NA
2026-09-20T10:26:41Z	performance	all-core	319	68.8	58.0	34.980	4017.64	5137.90	5137.90	18.53	NA
2026-09-20T10:26:43Z	performance	all-core	321	68.8	58.0	35.019	3939.25	5137.90	5137.90	18.57	NA
2026-09-20T10:26:45Z	performance	all-core	323	68.6	58.0	35.017	3992.71	5137.90	5137.90	18.57	NA
2026-09-20T10:26:47Z	performance	all-core	325	68.6	58.0	34.983	4022.78	5137.90	5137.90	18.60	NA
2026-09-20T10:26:50Z	performance	all-core	327	68.6	58.0	35.023	3931.88	5137.90	5137.90	18.60	NA
2026-09-20T10:26:52Z	performance	all-core	330	68.6	57.0	34.983	3992.72	5137.90	5137.90	18.63	NA
2026-09-20T10:26:54Z	performance	all-core	332	68.8	57.0	34.995	4005.02	5137.90	5137.90	18.63	NA
2026-09-20T10:26:56Z	performance	all-core	334	68.5	57.0	34.977	3968.26	5137.90	5137.90	18.63	NA
2026-09-20T10:26:58Z	performance	all-core	336	68.5	57.0	35.062	3821.14	5137.90	5137.90	18.90	NA
2026-09-20T10:27:00Z	performance	all-core	338	68.4	57.0	34.986	4017.52	5137.90	5137.90	18.90	NA
2026-09-20T10:27:02Z	performance	all-core	340	68.4	57.0	34.986	3941.83	5137.90	5137.90	18.91	NA
2026-09-20T10:27:05Z	performance	all-core	342	68.4	57.0	35.001	3917.83	5137.90	5137.90	18.91	NA
2026-09-20T10:27:07Z	performance	all-core	345	68.2	57.0	35.007	3902.55	5137.90	5137.90	18.84	NA
2026-09-20T10:27:09Z	performance	all-core	347	68.2	57.0	35.015	3956.85	5137.90	5137.90	18.84	NA
2026-09-20T10:27:11Z	performance	all-core	349	68.1	57.0	34.987	4017.37	5137.90	5137.90	18.84	NA
2026-09-20T10:27:13Z	performance	all-core	351	68.0	57.0	35.009	3958.39	5137.90	5137.90	18.85	NA
2026-09-20T10:27:15Z	performance	all-core	353	68.2	57.0	34.985	4002.00	5137.90	5137.90	18.85	NA
2026-09-20T10:27:17Z	performance	all-core	355	68.2	57.0	34.984	4008.24	5137.90	5137.90	18.86	NA
2026-09-20T10:27:19Z	performance	all-core	357	68.5	57.0	35.029	3882.30	5137.90	5137.90	18.86	NA
2026-09-20T10:27:22Z	performance	all-core	359	68.6	57.0	34.997	3992.90	5137.90	5137.90	18.79	NA
2026-09-20T10:27:24Z	performance	all-core	362	68.8	58.0	34.986	3992.62	5137.90	5137.90	18.79	NA
2026-09-20T10:27:26Z	performance	all-core	364	69.1	58.0	35.034	3934.51	5137.90	5137.90	18.79	NA
2026-09-20T10:27:28Z	performance	all-core	366	69.2	58.0	35.020	3889.99	5137.90	5137.90	18.65	NA
2026-09-20T10:27:30Z	performance	all-core	368	69.4	59.0	34.984	3947.56	5137.90	5137.90	18.65	NA
2026-09-20T10:27:32Z	performance	all-core	370	69.5	59.0	35.008	3915.81	5137.90	5137.90	18.60	NA
2026-09-20T10:27:34Z	performance	all-core	372	69.6	59.0	35.008	3867.86	5137.90	5137.90	18.60	NA
2026-09-20T10:27:36Z	performance	all-core	374	69.8	59.0	34.992	3992.45	5137.90	5137.90	19.59	NA
2026-09-20T10:27:39Z	performance	all-core	376	69.9	59.0	34.983	4018.60	5137.90	5137.90	19.59	NA
2026-09-20T10:27:41Z	performance	all-core	379	70.1	59.0	35.007	3982.47	5137.90	5137.90	19.59	NA
2026-09-20T10:27:43Z	performance	all-core	381	70.2	59.0	34.987	3990.98	5137.90	5137.90	19.46	NA
2026-09-20T10:27:45Z	performance	all-core	383	70.4	59.0	34.987	4017.66	5137.90	5137.90	19.46	NA
2026-09-20T10:27:47Z	performance	all-core	385	70.8	59.0	34.980	3967.75	5137.90	5137.90	19.51	NA
2026-09-20T10:27:49Z	performance	all-core	387	70.8	59.0	35.007	3949.18	5137.90	5137.90	19.51	NA
2026-09-20T10:27:51Z	performance	all-core	389	70.9	60.0	34.996	4017.66	5137.90	5137.90	19.39	NA
2026-09-20T10:27:54Z	performance	all-core	391	71.0	60.0	35.004	3992.68	5137.90	5137.90	19.39	NA
2026-09-20T10:27:56Z	performance	all-core	394	71.0	60.0	35.009	3959.37	5137.90	5137.90	19.39	NA
2026-09-20T10:27:58Z	performance	all-core	396	71.0	60.0	35.001	3917.83	5137.90	5137.90	19.43	NA
2026-09-20T10:28:00Z	performance	all-core	398	71.0	60.0	34.990	3958.20	5137.90	5137.90	19.43	NA
2026-09-20T10:28:02Z	performance	all-core	400	71.2	60.0	34.988	3963.18	5137.90	5137.90	19.24	NA
2026-09-20T10:28:04Z	performance	all-core	402	71.4	60.0	34.995	3994.71	5137.90	5137.90	19.24	NA
2026-09-20T10:28:06Z	performance	all-core	404	71.4	60.0	35.037	3905.87	5137.90	5137.90	19.06	NA
2026-09-20T10:28:08Z	performance	all-core	406	71.5	60.0	35.009	3917.82	5137.90	5137.90	19.06	NA
2026-09-20T10:28:11Z	performance	all-core	408	71.5	60.0	35.003	3974.02	5137.90	5137.90	19.06	NA
2026-09-20T10:28:13Z	performance	all-core	411	71.6	60.0	34.988	4017.66	5137.90	5137.90	19.14	NA
2026-09-20T10:28:15Z	performance	all-core	413	71.6	61.0	35.007	3890.26	5137.90	5137.90	19.14	NA
2026-09-20T10:28:17Z	performance	all-core	415	71.6	61.0	35.005	3973.61	5137.90	5137.90	19.04	NA
2026-09-20T10:28:19Z	performance	all-core	417	71.9	60.0	34.991	4017.65	5137.90	5137.90	19.04	NA
2026-09-20T10:28:21Z	performance	all-core	419	71.9	61.0	35.021	3934.25	5137.90	5137.90	18.88	NA
2026-09-20T10:28:23Z	performance	all-core	421	71.8	60.0	35.011	3917.47	5137.90	5137.90	18.88	NA
2026-09-20T10:28:26Z	performance	all-core	423	71.8	60.0	35.011	3856.86	5137.90	5137.90	18.88	NA
2026-09-20T10:28:28Z	performance	all-core	426	71.9	61.0	35.003	3985.56	5137.90	5137.90	18.81	NA
2026-09-20T10:28:30Z	performance	all-core	428	72.0	61.0	35.002	3917.72	5137.90	5137.90	18.81	NA
2026-09-20T10:28:32Z	performance	all-core	430	71.9	60.0	34.986	3992.69	5137.90	5137.90	19.23	NA
2026-09-20T10:28:34Z	performance	all-core	432	72.0	61.0	35.000	3907.20	5137.90	5137.90	19.23	NA
2026-09-20T10:28:36Z	performance	all-core	434	72.0	61.0	35.009	3967.76	5137.90	5137.90	19.13	NA
2026-09-20T10:28:38Z	performance	all-core	436	72.1	61.0	35.013	3967.74	5137.90	5137.90	19.13	NA
2026-09-20T10:28:40Z	performance	all-core	438	72.1	61.0	35.025	3917.63	5137.90	5137.90	19.13	NA
2026-09-20T10:28:43Z	performance	all-core	440	72.1	60.0	34.996	3990.69	5137.90	5137.90	19.04	NA
2026-09-20T10:28:45Z	performance	all-core	443	71.9	60.0	35.025	3971.42	5137.90	5137.90	19.04	NA
2026-09-20T10:28:47Z	performance	all-core	445	71.6	60.0	34.985	4017.11	5137.90	5137.90	19.03	NA
2026-09-20T10:28:49Z	performance	all-core	447	71.5	59.0	35.016	3868.79	5137.90	5137.90	19.03	NA
2026-09-20T10:28:51Z	performance	all-core	449	71.1	59.0	35.029	3936.40	5137.90	5137.90	19.03	NA
2026-09-20T10:28:53Z	performance	all-core	451	70.9	59.0	35.009	3969.04	5137.90	5137.90	18.95	NA
2026-09-20T10:28:55Z	performance	all-core	453	70.6	59.0	34.983	4040.21	5137.90	5137.90	18.95	NA
2026-09-20T10:28:57Z	performance	all-core	455	70.4	59.0	35.009	3906.31	5137.90	5137.90	18.87	NA
2026-09-20T10:29:00Z	performance	all-core	457	70.4	59.0	35.024	3950.05	5137.90	5137.90	18.87	NA
2026-09-20T10:29:02Z	performance	all-core	460	70.1	59.0	34.995	3992.69	5137.90	5137.90	18.80	NA
2026-09-20T10:29:04Z	performance	all-core	462	70.0	59.0	34.991	3983.34	5137.90	5137.90	18.80	NA
2026-09-20T10:29:06Z	performance	all-core	464	69.8	58.0	34.999	4000.49	5137.90	5137.90	18.80	NA
2026-09-20T10:29:08Z	performance	all-core	466	69.6	58.0	35.008	3945.88	5137.90	5137.90	18.66	NA
2026-09-20T10:29:10Z	performance	all-core	468	69.8	58.0	34.985	4017.65	5137.90	5137.90	18.66	NA
2026-09-20T10:29:12Z	performance	all-core	470	69.5	58.0	34.984	3957.32	5137.90	5137.90	18.77	NA
2026-09-20T10:29:14Z	performance	all-core	472	69.4	58.0	35.023	3962.86	5137.90	5137.90	18.77	NA
2026-09-20T10:29:17Z	performance	all-core	474	69.2	58.0	35.012	3917.83	5137.90	5137.90	18.79	NA
2026-09-20T10:29:19Z	performance	all-core	477	69.2	58.0	35.013	3961.70	5137.90	5137.90	18.79	NA
2026-09-20T10:29:21Z	performance	all-core	479	69.4	58.0	35.026	3813.33	5137.90	5137.90	18.79	NA
2026-09-20T10:29:23Z	performance	all-core	481	65.1	54.0	21.200	2745.55	5137.90	5137.90	18.64	NA
2026-09-20T10:29:23Z	performance	cooldown-after	0	65.0	55.0	21.235	3072.53	5137.90	5137.90	18.64	NA
2026-09-20T10:29:27Z	sustained-build	cooldown-before	0	60.1	55.0	13.263	2699.98	5137.90	5137.90	17.23	NA
2026-09-20T10:29:27Z	sustained-build	one-core	0	60.2	55.0	13.583	3630.58	5137.90	5137.90	17.23	NA
2026-09-20T10:29:29Z	sustained-build	one-core	2	69.8	56.0	18.678	2584.12	5137.90	5137.90	17.23	NA
2026-09-20T10:29:31Z	sustained-build	one-core	4	71.2	57.0	20.481	3655.85	5137.90	5137.90	17.23	NA
2026-09-20T10:29:33Z	sustained-build	one-core	6	71.4	57.0	19.807	3998.12	5137.90	5137.90	16.01	NA
2026-09-20T10:29:35Z	sustained-build	one-core	8	71.4	55.0	19.859	3012.83	5137.90	5137.90	16.01	NA
2026-09-20T10:29:37Z	sustained-build	one-core	10	71.2	55.0	19.298	3243.91	5137.90	5137.90	14.89	NA
2026-09-20T10:29:39Z	sustained-build	one-core	12	71.0	54.0	18.696	3128.21	5137.90	5137.90	14.89	NA
2026-09-20T10:29:41Z	sustained-build	one-core	14	71.4	56.0	21.288	3468.82	5137.90	5137.90	14.89	NA
2026-09-20T10:29:43Z	sustained-build	one-core	16	71.0	55.0	19.219	2589.19	5137.90	5137.90	13.86	NA
2026-09-20T10:29:45Z	sustained-build	one-core	18	70.8	55.0	18.936	2595.45	5137.90	5137.90	13.86	NA
2026-09-20T10:29:47Z	sustained-build	one-core	20	70.6	54.0	18.867	2542.76	5137.90	5137.90	12.91	NA
2026-09-20T10:29:49Z	sustained-build	one-core	22	72.5	56.0	27.185	3337.95	5137.90	5137.90	12.91	NA
2026-09-20T10:29:51Z	sustained-build	one-core	24	71.9	56.0	22.179	3267.07	5137.90	5137.90	12.91	NA
2026-09-20T10:29:53Z	sustained-build	one-core	26	71.4	55.0	19.511	2379.22	5137.90	5137.90	12.11	NA
2026-09-20T10:29:55Z	sustained-build	one-core	28	70.9	54.0	18.943	2156.99	5137.90	5137.90	12.11	NA
2026-09-20T10:29:57Z	sustained-build	one-core	30	70.6	55.0	19.229	2980.98	5137.90	5137.90	11.30	NA
2026-09-20T10:29:59Z	sustained-build	one-core	32	70.6	54.0	19.189	2626.19	5137.90	5137.90	11.30	NA
2026-09-20T10:30:01Z	sustained-build	one-core	34	70.9	56.0	21.267	2704.29	5137.90	5137.90	10.64	NA
2026-09-20T10:30:03Z	sustained-build	one-core	36	70.8	54.0	19.451	2096.09	5137.90	5137.90	10.64	NA
2026-09-20T10:30:05Z	sustained-build	one-core	38	70.8	55.0	20.471	3342.82	5137.90	5137.90	10.64	NA
2026-09-20T10:30:07Z	sustained-build	one-core	40	70.6	55.0	19.516	2353.40	5137.90	5137.90	9.95	NA
2026-09-20T10:30:09Z	sustained-build	one-core	42	70.5	54.0	19.387	2678.25	5137.90	5137.90	9.95	NA
2026-09-20T10:30:11Z	sustained-build	one-core	44	70.6	56.0	20.602	2340.76	5137.90	5137.90	9.55	NA
2026-09-20T10:30:13Z	sustained-build	one-core	46	70.5	54.0	19.333	2481.84	5137.90	5137.90	9.55	NA
2026-09-20T10:30:15Z	sustained-build	one-core	48	70.4	54.0	19.244	2737.65	5137.90	5137.90	9.55	NA
2026-09-20T10:30:17Z	sustained-build	one-core	50	70.4	54.0	19.823	2503.76	5137.90	5137.90	8.94	NA
2026-09-20T10:30:20Z	sustained-build	one-core	52	70.4	54.0	19.391	3092.72	5137.90	5137.90	8.94	NA
2026-09-20T10:30:22Z	sustained-build	one-core	55	70.6	55.0	20.778	2431.53	5137.90	5137.90	8.39	NA
2026-09-20T10:30:24Z	sustained-build	one-core	57	70.4	54.0	19.574	2453.36	5137.90	5137.90	8.39	NA
2026-09-20T10:30:26Z	sustained-build	one-core	59	70.2	54.0	19.348	2552.51	5137.90	5137.90	8.39	NA
2026-09-20T10:30:28Z	sustained-build	one-core	61	63.4	48.0	12.045	2495.64	5137.90	5137.90	7.88	NA
2026-09-20T10:30:28Z	sustained-build	cooldown-between	0	63.1	49.0	12.275	2721.95	5137.90	5137.90	7.88	NA
2026-09-20T10:30:28Z	sustained-build	all-core	0	62.9	50.0	12.553	2883.32	5137.90	5137.90	7.88	NA
2026-09-20T10:30:30Z	sustained-build	all-core	2	78.8	58.0	54.092	4455.92	5137.90	5137.90	7.88	NA
2026-09-20T10:30:32Z	sustained-build	all-core	4	73.1	56.0	40.615	3942.72	5137.90	5137.90	8.61	NA
2026-09-20T10:30:34Z	sustained-build	all-core	6	69.6	56.0	36.034	4007.84	5137.90	5137.90	8.61	NA
2026-09-20T10:30:36Z	sustained-build	all-core	8	68.4	56.0	35.197	3972.13	5137.90	5137.90	9.44	NA
2026-09-20T10:30:38Z	sustained-build	all-core	10	68.1	57.0	35.033	4026.99	5137.90	5137.90	9.44	NA
2026-09-20T10:30:40Z	sustained-build	all-core	12	68.4	57.0	34.995	4092.53	5137.90	5137.90	9.44	NA
2026-09-20T10:30:43Z	sustained-build	all-core	14	68.8	57.0	34.984	4054.60	5137.90	5137.90	10.05	NA
2026-09-20T10:30:45Z	sustained-build	all-core	17	69.0	58.0	34.992	4017.66	5137.90	5137.90	10.05	NA
2026-09-20T10:30:47Z	sustained-build	all-core	19	69.1	58.0	34.988	4078.67	5137.90	5137.90	10.68	NA
2026-09-20T10:30:49Z	sustained-build	all-core	21	69.4	58.0	35.004	4022.52	5137.90	5137.90	10.68	NA
2026-09-20T10:30:51Z	sustained-build	all-core	23	69.6	59.0	35.013	4042.60	5137.90	5137.90	11.27	NA
2026-09-20T10:30:53Z	sustained-build	all-core	25	70.1	59.0	34.978	3683.65	5137.90	5137.90	11.27	NA
2026-09-20T10:30:55Z	sustained-build	all-core	27	70.2	59.0	35.048	3976.71	5137.90	5137.90	11.27	NA
2026-09-20T10:30:58Z	sustained-build	all-core	29	70.4	59.0	35.026	3936.21	5137.90	5137.90	11.81	NA
2026-09-20T10:31:00Z	sustained-build	all-core	32	70.5	59.0	35.012	4031.68	5137.90	5137.90	11.81	NA
2026-09-20T10:31:02Z	sustained-build	all-core	34	70.9	59.0	35.004	3972.36	5137.90	5137.90	12.22	NA
2026-09-20T10:31:04Z	sustained-build	all-core	36	71.2	60.0	35.009	4033.26	5137.90	5137.90	12.22	NA
2026-09-20T10:31:06Z	sustained-build	all-core	38	71.2	60.0	34.972	4067.56	5137.90	5137.90	12.22	NA
2026-09-20T10:31:08Z	sustained-build	all-core	40	71.5	60.0	35.018	3959.31	5137.90	5137.90	12.69	NA
2026-09-20T10:31:10Z	sustained-build	all-core	42	71.8	60.0	35.026	4010.47	5137.90	5137.90	12.69	NA
2026-09-20T10:31:12Z	sustained-build	all-core	44	71.8	60.0	34.998	4056.65	5137.90	5137.90	13.19	NA
2026-09-20T10:31:15Z	sustained-build	all-core	47	72.0	61.0	34.981	3992.83	5137.90	5137.90	13.19	NA
2026-09-20T10:31:17Z	sustained-build	all-core	49	72.1	61.0	35.004	4036.12	5137.90	5137.90	13.66	NA
2026-09-20T10:31:19Z	sustained-build	all-core	51	72.2	61.0	35.029	4010.54	5137.90	5137.90	13.66	NA
2026-09-20T10:31:21Z	sustained-build	all-core	53	72.4	61.0	34.987	4080.91	5137.90	5137.90	13.66	NA
2026-09-20T10:31:23Z	sustained-build	all-core	55	72.5	61.0	35.006	3993.97	5137.90	5137.90	14.09	NA
2026-09-20T10:31:25Z	sustained-build	all-core	57	72.5	61.0	34.988	4058.21	5137.90	5137.90	14.09	NA
2026-09-20T10:31:27Z	sustained-build	all-core	59	72.6	61.0	34.980	4078.47	5137.90	5137.90	14.40	NA
2026-09-20T10:31:30Z	sustained-build	all-core	61	72.8	61.0	35.017	3922.67	5137.90	5137.90	14.40	NA
2026-09-20T10:31:32Z	sustained-build	all-core	64	72.9	61.0	35.032	3981.09	5137.90	5137.90	14.69	NA
2026-09-20T10:31:34Z	sustained-build	all-core	66	72.9	62.0	34.995	3967.54	5137.90	5137.90	14.69	NA
2026-09-20T10:31:36Z	sustained-build	all-core	68	73.1	62.0	35.007	3967.38	5137.90	5137.90	14.69	NA
2026-09-20T10:31:38Z	sustained-build	all-core	70	73.1	62.0	34.989	3949.95	5137.90	5137.90	15.11	NA
2026-09-20T10:31:40Z	sustained-build	all-core	72	73.2	62.0	35.013	4024.85	5137.90	5137.90	15.11	NA
2026-09-20T10:31:42Z	sustained-build	all-core	74	73.4	62.0	35.017	4017.65	5137.90	5137.90	15.43	NA
2026-09-20T10:31:44Z	sustained-build	all-core	76	73.4	63.0	35.050	3917.71	5137.90	5137.90	15.43	NA
2026-09-20T10:31:47Z	sustained-build	all-core	78	73.5	62.0	35.021	3984.51	5137.90	5137.90	15.55	NA
2026-09-20T10:31:49Z	sustained-build	all-core	81	73.6	62.0	35.005	4042.60	5137.90	5137.90	15.55	NA
2026-09-20T10:31:51Z	sustained-build	all-core	83	73.8	62.0	35.019	4010.80	5137.90	5137.90	15.55	NA
2026-09-20T10:31:53Z	sustained-build	all-core	85	73.9	63.0	35.014	3942.67	5137.90	5137.90	15.59	NA
2026-09-20T10:31:55Z	sustained-build	all-core	87	73.8	63.0	35.010	4017.92	5137.90	5137.90	15.59	NA
2026-09-20T10:31:57Z	sustained-build	all-core	89	74.0	63.0	34.999	3976.50	5137.90	5137.90	15.86	NA
2026-09-20T10:31:59Z	sustained-build	all-core	91	74.0	63.0	34.983	4020.60	5137.90	5137.90	15.86	NA
2026-09-20T10:32:01Z	sustained-build	all-core	93	74.1	63.0	35.003	4029.10	5137.90	5137.90	16.03	NA
2026-09-20T10:32:04Z	sustained-build	all-core	95	74.2	63.0	35.034	3978.11	5137.90	5137.90	16.03	NA
2026-09-20T10:32:06Z	sustained-build	all-core	98	74.4	63.0	34.993	3999.23	5137.90	5137.90	16.03	NA
2026-09-20T10:32:08Z	sustained-build	all-core	100	74.5	63.0	34.998	4055.85	5137.90	5137.90	16.43	NA
2026-09-20T10:32:10Z	sustained-build	all-core	102	74.5	63.0	34.990	4067.57	5137.90	5137.90	16.43	NA
2026-09-20T10:32:12Z	sustained-build	all-core	104	74.5	63.0	34.983	4009.85	5137.90	5137.90	16.64	NA
2026-09-20T10:32:14Z	sustained-build	all-core	106	74.5	63.0	35.031	3963.10	5137.90	5137.90	16.64	NA
2026-09-20T10:32:16Z	sustained-build	all-core	108	74.5	63.0	35.041	3892.87	5137.90	5137.90	16.75	NA
2026-09-20T10:32:18Z	sustained-build	all-core	110	74.4	63.0	35.001	4042.36	5137.90	5137.90	16.75	NA
2026-09-20T10:32:21Z	sustained-build	all-core	112	74.2	62.0	34.981	3998.55	5137.90	5137.90	16.75	NA
2026-09-20T10:32:23Z	sustained-build	all-core	115	74.2	63.0	34.991	4060.58	5137.90	5137.90	16.93	NA
2026-09-20T10:32:25Z	sustained-build	all-core	117	74.1	63.0	35.001	4015.14	5137.90	5137.90	16.93	NA
2026-09-20T10:32:27Z	sustained-build	all-core	119	74.0	63.0	35.023	3992.67	5137.90	5137.90	16.93	NA
2026-09-20T10:32:29Z	sustained-build	all-core	121	74.1	63.0	35.033	3884.16	5137.90	5137.90	16.93	NA
2026-09-20T10:32:31Z	sustained-build	all-core	123	74.0	63.0	35.026	3976.34	5137.90	5137.90	17.18	NA
2026-09-20T10:32:33Z	sustained-build	all-core	125	74.0	62.0	35.013	3983.36	5137.90	5137.90	17.18	NA
2026-09-20T10:32:35Z	sustained-build	all-core	127	73.9	63.0	35.026	3983.33	5137.90	5137.90	17.18	NA
2026-09-20T10:32:38Z	sustained-build	all-core	129	73.9	62.0	35.029	3927.08	5137.90	5137.90	17.40	NA
2026-09-20T10:32:40Z	sustained-build	all-core	132	73.9	62.0	34.986	4063.49	5137.90	5137.90	17.40	NA
2026-09-20T10:32:42Z	sustained-build	all-core	134	73.8	62.0	35.007	4037.18	5137.90	5137.90	17.53	NA
2026-09-20T10:32:44Z	sustained-build	all-core	136	73.8	62.0	35.016	4017.64	5137.90	5137.90	17.53	NA
2026-09-20T10:32:46Z	sustained-build	all-core	138	73.8	62.0	34.996	4067.57	5137.90	5137.90	17.53	NA
2026-09-20T10:32:48Z	sustained-build	all-core	140	74.0	62.0	35.023	3867.74	5137.90	5137.90	17.49	NA
2026-09-20T10:32:50Z	sustained-build	all-core	142	73.9	62.0	35.002	3958.30	5137.90	5137.90	17.49	NA
2026-09-20T10:32:52Z	sustained-build	all-core	144	73.8	62.0	34.990	4067.56	5137.90	5137.90	17.53	NA
2026-09-20T10:32:55Z	sustained-build	all-core	146	73.6	62.0	34.983	4078.36	5137.90	5137.90	17.53	NA
2026-09-20T10:32:57Z	sustained-build	all-core	149	73.6	62.0	35.013	4049.30	5137.90	5137.90	17.57	NA
2026-09-20T10:32:59Z	sustained-build	all-core	151	73.6	63.0	35.035	3875.42	5137.90	5137.90	17.57	NA
2026-09-20T10:33:01Z	sustained-build	all-core	153	73.5	62.0	34.985	4075.59	5137.90	5137.90	17.57	NA
2026-09-20T10:33:03Z	sustained-build	all-core	155	73.5	62.0	35.028	4031.70	5137.90	5137.90	17.52	NA
2026-09-20T10:33:05Z	sustained-build	all-core	157	73.5	62.0	35.025	3983.99	5137.90	5137.90	17.52	NA
2026-09-20T10:33:07Z	sustained-build	all-core	159	73.4	62.0	34.984	3996.42	5137.90	5137.90	17.64	NA
2026-09-20T10:33:10Z	sustained-build	all-core	161	73.5	62.0	35.024	4006.09	5137.90	5137.90	17.64	NA
2026-09-20T10:33:12Z	sustained-build	all-core	164	73.4	62.0	34.984	4073.23	5137.90	5137.90	17.59	NA
2026-09-20T10:33:14Z	sustained-build	all-core	166	73.2	62.0	35.009	3945.89	5137.90	5137.90	17.59	NA
2026-09-20T10:33:16Z	sustained-build	all-core	168	73.2	62.0	35.013	4042.94	5137.90	5137.90	17.59	NA
2026-09-20T10:33:18Z	sustained-build	all-core	170	73.2	62.0	35.002	4012.40	5137.90	5137.90	17.70	NA
2026-09-20T10:33:20Z	sustained-build	all-core	172	73.4	62.0	34.990	3992.67	5137.90	5137.90	17.70	NA
2026-09-20T10:33:22Z	sustained-build	all-core	174	73.4	62.0	35.025	4017.63	5137.90	5137.90	17.81	NA
2026-09-20T10:33:24Z	sustained-build	all-core	176	73.2	62.0	35.009	4030.72	5137.90	5137.90	17.81	NA
2026-09-20T10:33:27Z	sustained-build	all-core	179	73.2	62.0	35.013	3992.44	5137.90	5137.90	17.74	NA
2026-09-20T10:33:29Z	sustained-build	all-core	181	73.1	62.0	35.027	3961.28	5137.90	5137.90	17.74	NA
2026-09-20T10:33:31Z	sustained-build	all-core	183	73.2	62.0	34.990	4067.54	5137.90	5137.90	17.74	NA
2026-09-20T10:33:33Z	sustained-build	all-core	185	73.2	62.0	34.983	4092.51	5137.90	5137.90	17.68	NA
2026-09-20T10:33:35Z	sustained-build	all-core	187	73.2	62.0	35.059	3872.48	5137.90	5137.90	17.68	NA
2026-09-20T10:33:37Z	sustained-build	all-core	189	73.1	62.0	35.034	4017.66	5137.90	5137.90	17.63	NA
2026-09-20T10:33:39Z	sustained-build	all-core	191	73.1	62.0	35.008	4042.62	5137.90	5137.90	17.63	NA
2026-09-20T10:33:42Z	sustained-build	all-core	193	73.4	62.0	35.016	3946.94	5137.90	5137.90	17.82	NA
2026-09-20T10:33:44Z	sustained-build	all-core	196	73.2	62.0	34.999	3992.71	5137.90	5137.90	17.82	NA
2026-09-20T10:33:46Z	sustained-build	all-core	198	73.2	62.0	34.986	4078.41	5137.90	5137.90	17.82	NA
2026-09-20T10:33:48Z	sustained-build	all-core	200	73.4	62.0	34.982	4092.52	5137.90	5137.90	17.83	NA
2026-09-20T10:33:50Z	sustained-build	all-core	202	73.2	62.0	35.001	4018.72	5137.90	5137.90	17.83	NA
2026-09-20T10:33:52Z	sustained-build	all-core	204	73.5	62.0	34.999	3956.92	5137.90	5137.90	18.09	NA
2026-09-20T10:33:54Z	sustained-build	all-core	206	73.4	62.0	35.007	4043.01	5137.90	5137.90	18.09	NA
2026-09-20T10:33:56Z	sustained-build	all-core	208	73.2	62.0	34.998	3992.71	5137.90	5137.90	18.72	NA
2026-09-20T10:33:59Z	sustained-build	all-core	210	73.2	62.0	34.988	4019.53	5137.90	5137.90	18.72	NA
2026-09-20T10:34:01Z	sustained-build	all-core	213	73.2	62.0	35.005	3981.61	5137.90	5137.90	18.72	NA
2026-09-20T10:34:03Z	sustained-build	all-core	215	73.2	62.0	35.022	3938.88	5137.90	5137.90	18.90	NA
2026-09-20T10:34:05Z	sustained-build	all-core	217	73.2	62.0	35.009	3946.13	5137.90	5137.90	18.90	NA
2026-09-20T10:34:07Z	sustained-build	all-core	219	73.2	62.0	34.992	4067.56	5137.90	5137.90	19.07	NA
2026-09-20T10:34:09Z	sustained-build	all-core	221	73.2	62.0	34.978	3992.70	5137.90	5137.90	19.07	NA
2026-09-20T10:34:11Z	sustained-build	all-core	223	73.4	62.0	35.017	3965.50	5137.90	5137.90	18.98	NA
2026-09-20T10:34:13Z	sustained-build	all-core	225	73.5	62.0	34.997	4067.56	5137.90	5137.90	18.98	NA
2026-09-20T10:34:16Z	sustained-build	all-core	227	73.6	62.0	35.005	4047.33	5137.90	5137.90	18.98	NA
2026-09-20T10:34:18Z	sustained-build	all-core	230	73.6	62.0	34.999	3992.89	5137.90	5137.90	18.83	NA
2026-09-20T10:34:20Z	sustained-build	all-core	232	73.5	62.0	34.989	4007.81	5137.90	5137.90	18.83	NA
2026-09-20T10:34:22Z	sustained-build	all-core	234	73.5	62.0	34.991	4054.94	5137.90	5137.90	18.84	NA
2026-09-20T10:34:24Z	sustained-build	all-core	236	73.4	62.0	34.978	4090.02	5137.90	5137.90	18.84	NA
2026-09-20T10:34:26Z	sustained-build	all-core	238	73.4	62.0	35.000	3986.10	5137.90	5137.90	18.85	NA
2026-09-20T10:34:28Z	sustained-build	all-core	240	73.4	62.0	35.022	3983.20	5137.90	5137.90	18.85	NA
2026-09-20T10:34:30Z	sustained-build	all-core	242	73.4	62.0	35.008	4042.58	5137.90	5137.90	18.85	NA
2026-09-20T10:34:33Z	sustained-build	all-core	244	73.4	62.0	35.001	3967.76	5137.90	5137.90	18.70	NA
2026-09-20T10:34:35Z	sustained-build	all-core	247	73.4	62.0	35.009	4042.60	5137.90	5137.90	18.70	NA
2026-09-20T10:34:37Z	sustained-build	all-core	249	73.4	62.0	35.002	3977.39	5137.90	5137.90	18.65	NA
2026-09-20T10:34:39Z	sustained-build	all-core	251	73.2	62.0	35.000	4042.51	5137.90	5137.90	18.65	NA
2026-09-20T10:34:41Z	sustained-build	all-core	253	73.4	62.0	34.986	4067.17	5137.90	5137.90	18.65	NA
2026-09-20T10:34:43Z	sustained-build	all-core	255	73.4	62.0	34.981	4087.61	5137.90	5137.90	18.60	NA
2026-09-20T10:34:45Z	sustained-build	all-core	257	73.4	62.0	35.038	3928.04	5137.90	5137.90	18.60	NA
2026-09-20T10:34:47Z	sustained-build	all-core	259	73.5	62.0	35.001	4067.48	5137.90	5137.90	19.75	NA
2026-09-20T10:34:50Z	sustained-build	all-core	261	73.4	62.0	34.993	4059.48	5137.90	5137.90	19.75	NA
2026-09-20T10:34:52Z	sustained-build	all-core	264	73.5	62.0	35.009	3942.77	5137.90	5137.90	19.61	NA
2026-09-20T10:34:54Z	sustained-build	all-core	266	73.4	62.0	35.039	3898.59	5137.90	5137.90	19.61	NA
2026-09-20T10:34:56Z	sustained-build	all-core	268	73.6	63.0	35.023	3874.75	5137.90	5137.90	19.61	NA
2026-09-20T10:34:58Z	sustained-build	all-core	270	73.5	63.0	35.034	3865.65	5137.90	5137.90	20.04	NA
2026-09-20T10:35:00Z	sustained-build	all-core	272	73.5	63.0	34.998	4031.14	5137.90	5137.90	20.04	NA
2026-09-20T10:35:02Z	sustained-build	all-core	274	73.5	62.0	35.009	4033.61	5137.90	5137.90	19.88	NA
2026-09-20T10:35:05Z	sustained-build	all-core	276	73.5	63.0	35.031	3892.82	5137.90	5137.90	19.88	NA
2026-09-20T10:35:07Z	sustained-build	all-core	279	73.5	62.0	35.018	4008.28	5137.90	5137.90	19.65	NA
2026-09-20T10:35:09Z	sustained-build	all-core	281	73.5	62.0	34.982	4017.56	5137.90	5137.90	19.65	NA
2026-09-20T10:35:11Z	sustained-build	all-core	283	73.6	62.0	35.018	3948.56	5137.90	5137.90	19.65	NA
2026-09-20T10:35:13Z	sustained-build	all-core	285	73.4	62.0	35.007	3955.84	5137.90	5137.90	19.43	NA
2026-09-20T10:35:15Z	sustained-build	all-core	287	73.5	63.0	35.039	3866.93	5137.90	5137.90	19.43	NA
2026-09-20T10:35:17Z	sustained-build	all-core	289	73.4	62.0	34.991	4056.94	5137.90	5137.90	19.32	NA
2026-09-20T10:35:19Z	sustained-build	all-core	291	73.5	63.0	35.069	3906.50	5137.90	5137.90	19.32	NA
2026-09-20T10:35:22Z	sustained-build	all-core	293	73.5	62.0	35.050	3974.56	5137.90	5137.90	19.37	NA
2026-09-20T10:35:24Z	sustained-build	all-core	296	73.6	62.0	35.007	4042.60	5137.90	5137.90	19.37	NA
2026-09-20T10:35:26Z	sustained-build	all-core	298	73.6	62.0	35.018	3882.18	5137.90	5137.90	19.37	NA
2026-09-20T10:35:28Z	sustained-build	all-core	300	73.6	62.0	35.013	4017.64	5137.90	5137.90	19.26	NA
2026-09-20T10:35:30Z	sustained-build	all-core	302	73.6	62.0	35.035	3968.27	5137.90	5137.90	19.26	NA
2026-09-20T10:35:32Z	sustained-build	all-core	304	73.6	62.0	35.024	3959.59	5137.90	5137.90	19.16	NA
2026-09-20T10:35:34Z	sustained-build	all-core	306	73.6	63.0	35.008	3971.94	5137.90	5137.90	19.16	NA
2026-09-20T10:35:36Z	sustained-build	all-core	308	73.8	62.0	34.999	4042.60	5137.90	5137.90	19.15	NA
2026-09-20T10:35:38Z	sustained-build	all-core	310	73.8	63.0	35.002	3933.08	5137.90	5137.90	19.15	NA
2026-09-20T10:35:41Z	sustained-build	all-core	313	73.6	63.0	35.041	3947.00	5137.90	5137.90	19.15	NA
2026-09-20T10:35:43Z	sustained-build	all-core	315	73.6	62.0	35.011	3945.73	5137.90	5137.90	19.06	NA
2026-09-20T10:35:45Z	sustained-build	all-core	317	73.6	63.0	35.008	4017.60	5137.90	5137.90	19.06	NA
2026-09-20T10:35:47Z	sustained-build	all-core	319	73.8	62.0	34.999	3919.11	5137.90	5137.90	19.05	NA
2026-09-20T10:35:49Z	sustained-build	all-core	321	73.5	62.0	35.047	3883.01	5137.90	5137.90	19.05	NA
2026-09-20T10:35:51Z	sustained-build	all-core	323	73.5	63.0	35.020	3933.42	5137.90	5137.90	19.05	NA
2026-09-20T10:35:53Z	sustained-build	all-core	325	73.5	62.0	35.027	3983.02	5137.90	5137.90	19.05	NA
2026-09-20T10:35:55Z	sustained-build	all-core	327	73.5	62.0	35.013	3950.27	5137.90	5137.90	19.05	NA
2026-09-20T10:35:58Z	sustained-build	all-core	329	73.8	62.0	35.020	4010.53	5137.90	5137.90	18.88	NA
2026-09-20T10:36:00Z	sustained-build	all-core	332	73.6	63.0	35.034	3901.03	5137.90	5137.90	18.88	NA
2026-09-20T10:36:02Z	sustained-build	all-core	334	73.6	62.0	35.052	3874.72	5137.90	5137.90	18.81	NA
2026-09-20T10:36:04Z	sustained-build	all-core	336	73.6	62.0	35.048	3939.15	5137.90	5137.90	18.81	NA
2026-09-20T10:36:06Z	sustained-build	all-core	338	73.6	62.0	35.009	3971.36	5137.90	5137.90	18.81	NA
2026-09-20T10:36:08Z	sustained-build	all-core	340	73.8	62.0	35.002	3994.87	5137.90	5137.90	18.75	NA
2026-09-20T10:36:10Z	sustained-build	all-core	342	73.8	63.0	35.018	3940.15	5137.90	5137.90	18.75	NA
2026-09-20T10:36:12Z	sustained-build	all-core	344	73.6	62.0	34.985	4067.56	5137.90	5137.90	18.69	NA
2026-09-20T10:36:15Z	sustained-build	all-core	346	73.8	62.0	34.991	4064.35	5137.90	5137.90	18.69	NA
2026-09-20T10:36:17Z	sustained-build	all-core	349	73.9	63.0	34.985	4078.48	5137.90	5137.90	18.55	NA
2026-09-20T10:36:19Z	sustained-build	all-core	351	74.0	62.0	35.054	3912.86	5137.90	5137.90	18.55	NA
2026-09-20T10:36:21Z	sustained-build	all-core	353	73.9	62.0	34.999	3974.58	5137.90	5137.90	18.55	NA
2026-09-20T10:36:23Z	sustained-build	all-core	355	73.9	63.0	35.021	3998.52	5137.90	5137.90	18.51	NA
2026-09-20T10:36:25Z	sustained-build	all-core	357	73.9	62.0	34.982	4019.31	5137.90	5137.90	18.51	NA
2026-09-20T10:36:27Z	sustained-build	all-core	359	73.9	62.0	35.021	3989.14	5137.90	5137.90	18.63	NA
2026-09-20T10:36:29Z	sustained-build	all-core	361	74.0	62.0	35.002	3967.12	5137.90	5137.90	18.63	NA
2026-09-20T10:36:32Z	sustained-build	all-core	363	73.9	62.0	34.983	3962.75	5137.90	5137.90	18.66	NA
2026-09-20T10:36:34Z	sustained-build	all-core	366	73.8	63.0	35.044	3884.75	5137.90	5137.90	18.66	NA
2026-09-20T10:36:36Z	sustained-build	all-core	368	73.8	62.0	34.992	4067.32	5137.90	5137.90	18.66	NA
2026-09-20T10:36:38Z	sustained-build	all-core	370	73.6	63.0	35.035	3883.61	5137.90	5137.90	18.93	NA
2026-09-20T10:36:40Z	sustained-build	all-core	372	73.8	63.0	35.014	3965.73	5137.90	5137.90	18.93	NA
2026-09-20T10:36:42Z	sustained-build	all-core	374	73.9	62.0	34.986	4034.00	5137.90	5137.90	18.85	NA
2026-09-20T10:36:44Z	sustained-build	all-core	376	73.9	62.0	34.983	4073.28	5137.90	5137.90	18.85	NA
2026-09-20T10:36:47Z	sustained-build	all-core	378	73.8	63.0	35.021	3967.74	5137.90	5137.90	19.02	NA
2026-09-20T10:36:49Z	sustained-build	all-core	381	73.6	62.0	35.001	4042.29	5137.90	5137.90	19.02	NA
2026-09-20T10:36:51Z	sustained-build	all-core	383	73.9	63.0	34.999	4041.68	5137.90	5137.90	19.02	NA
2026-09-20T10:36:53Z	sustained-build	all-core	385	73.9	63.0	35.005	3979.98	5137.90	5137.90	19.02	NA
2026-09-20T10:36:55Z	sustained-build	all-core	387	73.8	63.0	34.987	4067.37	5137.90	5137.90	19.02	NA
2026-09-20T10:36:57Z	sustained-build	all-core	389	73.8	63.0	35.008	4053.72	5137.90	5137.90	19.10	NA
2026-09-20T10:36:59Z	sustained-build	all-core	391	73.9	63.0	35.023	3954.21	5137.90	5137.90	19.10	NA
2026-09-20T10:37:01Z	sustained-build	all-core	393	73.9	63.0	34.991	4063.75	5137.90	5137.90	19.73	NA
2026-09-20T10:37:04Z	sustained-build	all-core	395	73.9	63.0	35.004	4042.59	5137.90	5137.90	19.73	NA
2026-09-20T10:37:06Z	sustained-build	all-core	398	73.8	63.0	35.018	3977.98	5137.90	5137.90	19.73	NA
2026-09-20T10:37:08Z	sustained-build	all-core	400	73.9	63.0	34.998	4062.26	5137.90	5137.90	19.59	NA
2026-09-20T10:37:10Z	sustained-build	all-core	402	73.8	63.0	34.984	4067.54	5137.90	5137.90	19.59	NA
2026-09-20T10:37:12Z	sustained-build	all-core	404	73.9	63.0	35.029	3960.85	5137.90	5137.90	19.47	NA
2026-09-20T10:37:14Z	sustained-build	all-core	406	73.9	63.0	34.993	4067.55	5137.90	5137.90	19.47	NA
2026-09-20T10:37:16Z	sustained-build	all-core	408	73.9	63.0	34.991	3975.50	5137.90	5137.90	19.35	NA
2026-09-20T10:37:19Z	sustained-build	all-core	410	73.9	63.0	35.017	3981.02	5137.90	5137.90	19.35	NA
2026-09-20T10:37:21Z	sustained-build	all-core	413	73.8	63.0	35.002	3985.99	5137.90	5137.90	19.35	NA
2026-09-20T10:37:23Z	sustained-build	all-core	415	73.9	63.0	34.982	4067.55	5137.90	5137.90	19.24	NA
2026-09-20T10:37:25Z	sustained-build	all-core	417	73.9	63.0	35.003	3964.54	5137.90	5137.90	19.24	NA
2026-09-20T10:37:27Z	sustained-build	all-core	419	73.9	63.0	34.999	4042.28	5137.90	5137.90	19.30	NA
2026-09-20T10:37:29Z	sustained-build	all-core	421	74.0	63.0	34.985	4067.20	5137.90	5137.90	19.30	NA
2026-09-20T10:37:31Z	sustained-build	all-core	423	74.1	63.0	35.015	3984.71	5137.90	5137.90	19.52	NA
2026-09-20T10:37:33Z	sustained-build	all-core	425	74.0	63.0	35.021	3906.35	5137.90	5137.90	19.52	NA
2026-09-20T10:37:36Z	sustained-build	all-core	427	73.9	63.0	35.024	4008.30	5137.90	5137.90	19.52	NA
2026-09-20T10:37:38Z	sustained-build	all-core	430	74.0	63.0	35.012	3967.71	5137.90	5137.90	19.40	NA
2026-09-20T10:37:40Z	sustained-build	all-core	432	74.0	62.0	35.008	3928.16	5137.90	5137.90	19.40	NA
2026-09-20T10:37:42Z	sustained-build	all-core	434	74.0	63.0	35.035	3886.78	5137.90	5137.90	19.36	NA
2026-09-20T10:37:44Z	sustained-build	all-core	436	74.0	63.0	34.986	4076.58	5137.90	5137.90	19.36	NA
2026-09-20T10:37:46Z	sustained-build	all-core	438	73.9	63.0	35.011	3965.69	5137.90	5137.90	19.36	NA
2026-09-20T10:37:48Z	sustained-build	all-core	440	73.8	63.0	34.983	3976.01	5137.90	5137.90	19.66	NA
2026-09-20T10:37:50Z	sustained-build	all-core	442	74.0	63.0	35.042	3895.06	5137.90	5137.90	19.66	NA
2026-09-20T10:37:53Z	sustained-build	all-core	444	74.0	63.0	35.011	3866.11	5137.90	5137.90	19.60	NA
2026-09-20T10:37:55Z	sustained-build	all-core	447	74.0	63.0	35.003	3958.40	5137.90	5137.90	19.60	NA
2026-09-20T10:37:57Z	sustained-build	all-core	449	74.0	63.0	34.990	4067.43	5137.90	5137.90	19.55	NA
2026-09-20T10:37:59Z	sustained-build	all-core	451	74.0	63.0	35.013	4004.61	5137.90	5137.90	19.55	NA
2026-09-20T10:38:01Z	sustained-build	all-core	453	74.0	63.0	35.036	3933.18	5137.90	5137.90	19.55	NA
2026-09-20T10:38:03Z	sustained-build	all-core	455	74.0	63.0	35.043	3938.20	5137.90	5137.90	19.43	NA
2026-09-20T10:38:05Z	sustained-build	all-core	457	74.0	63.0	35.064	3842.94	5137.90	5137.90	19.43	NA
2026-09-20T10:38:07Z	sustained-build	all-core	459	74.0	63.0	35.026	3937.13	5137.90	5137.90	19.24	NA
2026-09-20T10:38:09Z	sustained-build	all-core	461	74.0	63.0	35.016	3971.11	5137.90	5137.90	19.24	NA
2026-09-20T10:38:12Z	sustained-build	all-core	463	73.9	63.0	35.019	3922.44	5137.90	5137.90	19.30	NA
2026-09-20T10:38:14Z	sustained-build	all-core	466	74.0	63.0	35.000	3967.75	5137.90	5137.90	19.30	NA
2026-09-20T10:38:16Z	sustained-build	all-core	468	74.0	63.0	35.028	3981.75	5137.90	5137.90	19.30	NA
2026-09-20T10:38:18Z	sustained-build	all-core	470	74.0	63.0	34.983	4040.30	5137.90	5137.90	19.27	NA
2026-09-20T10:38:20Z	sustained-build	all-core	472	74.0	63.0	34.982	4014.68	5137.90	5137.90	19.27	NA
2026-09-20T10:38:22Z	sustained-build	all-core	474	74.0	63.0	35.019	3969.62	5137.90	5137.90	19.89	NA
2026-09-20T10:38:24Z	sustained-build	all-core	476	74.1	63.0	35.017	4033.24	5137.90	5137.90	19.89	NA
2026-09-20T10:38:26Z	sustained-build	all-core	478	74.0	63.0	35.029	3942.61	5137.90	5137.90	19.66	NA
2026-09-20T10:38:29Z	sustained-build	all-core	480	70.5	58.0	21.684	2456.42	5137.90	5137.90	19.66	NA
2026-09-20T10:38:29Z	sustained-build	cooldown-after	0	70.4	59.0	21.671	2594.21	5137.90	5137.90	19.66	NA
2026-09-20T10:38:31Z	sustained-build	cooldown-after	2	64.5	56.0	10.050	2203.61	5137.90	5137.90	19.66	NA
2026-09-20T10:38:34Z	balanced	cooldown-before	0	62.5	58.0	11.742	2616.80	5137.90	5137.90	18.17	NA
2026-09-20T10:38:34Z	balanced	one-core	0	62.5	56.0	11.672	3175.84	5137.90	5137.90	18.17	NA
2026-09-20T10:38:36Z	balanced	one-core	2	72.8	59.0	17.836	2633.92	5137.90	5137.90	16.95	NA
2026-09-20T10:38:38Z	balanced	one-core	4	74.4	59.0	18.483	2515.94	5137.90	5137.90	16.95	NA
2026-09-20T10:38:40Z	balanced	one-core	6	74.5	59.0	18.736	2792.87	5137.90	5137.90	16.95	NA
2026-09-20T10:38:42Z	balanced	one-core	8	74.4	58.0	19.602	2659.93	5137.90	5137.90	15.75	NA
2026-09-20T10:38:44Z	balanced	one-core	10	74.5	59.0	20.818	2642.22	5137.90	5137.90	15.75	NA
2026-09-20T10:38:46Z	balanced	one-core	12	74.2	58.0	19.791	2569.65	5137.90	5137.90	14.73	NA
2026-09-20T10:38:49Z	balanced	one-core	14	74.1	57.0	19.527	2518.83	5137.90	5137.90	14.73	NA
2026-09-20T10:38:51Z	balanced	one-core	17	73.9	57.0	19.307	2143.49	5137.90	5137.90	14.73	NA
2026-09-20T10:38:53Z	balanced	one-core	19	73.8	58.0	19.532	2472.46	5137.90	5137.90	13.71	NA
2026-09-20T10:38:55Z	balanced	one-core	21	73.8	57.0	20.572	2744.46	5137.90	5137.90	13.71	NA
2026-09-20T10:38:57Z	balanced	one-core	23	73.4	57.0	19.411	3018.10	5137.90	5137.90	12.77	NA
2026-09-20T10:38:59Z	balanced	one-core	25	73.2	57.0	19.935	2725.54	5137.90	5137.90	12.77	NA
2026-09-20T10:39:01Z	balanced	one-core	27	73.0	56.0	19.359	2177.57	5137.90	5137.90	12.77	NA
2026-09-20T10:39:03Z	balanced	one-core	29	72.9	57.0	19.292	2526.65	5137.90	5137.90	12.07	NA
2026-09-20T10:39:05Z	balanced	one-core	31	72.9	56.0	20.680	2691.71	5137.90	5137.90	12.07	NA
2026-09-20T10:39:07Z	balanced	one-core	33	72.9	56.0	19.684	2516.85	5137.90	5137.90	11.26	NA
2026-09-20T10:39:09Z	balanced	one-core	35	72.6	56.0	19.999	2477.94	5137.90	5137.90	11.26	NA
2026-09-20T10:39:11Z	balanced	one-core	37	72.2	56.0	19.265	2269.75	5137.90	5137.90	11.26	NA
2026-09-20T10:39:13Z	balanced	one-core	39	72.1	56.0	20.234	2450.86	5137.90	5137.90	10.52	NA
2026-09-20T10:39:15Z	balanced	one-core	41	72.1	56.0	21.336	2531.73	5137.90	5137.90	10.52	NA
2026-09-20T10:39:17Z	balanced	one-core	43	71.9	56.0	19.976	3185.86	5137.90	5137.90	9.84	NA
2026-09-20T10:39:19Z	balanced	one-core	45	71.6	56.0	19.706	2908.36	5137.90	5137.90	9.84	NA
2026-09-20T10:39:21Z	balanced	one-core	47	71.6	56.0	19.503	2799.30	5137.90	5137.90	9.84	NA
2026-09-20T10:39:23Z	balanced	one-core	49	71.4	55.0	19.177	2583.23	5137.90	5137.90	9.21	NA
2026-09-20T10:39:25Z	balanced	one-core	51	71.5	56.0	20.969	2860.98	5137.90	5137.90	9.21	NA
2026-09-20T10:39:27Z	balanced	one-core	53	71.5	55.0	21.045	2664.03	5137.90	5137.90	8.63	NA
2026-09-20T10:39:29Z	balanced	one-core	55	71.1	55.0	19.476	2916.35	5137.90	5137.90	8.63	NA
2026-09-20T10:39:31Z	balanced	one-core	57	70.9	55.0	19.117	3713.63	5137.90	5137.90	8.10	NA
2026-09-20T10:39:33Z	balanced	one-core	59	70.9	55.0	19.266	3755.02	5137.90	5137.90	8.10	NA
2026-09-20T10:39:35Z	balanced	one-core	61	64.4	50.0	12.829	2332.95	5137.90	5137.90	8.10	NA
2026-09-20T10:39:35Z	balanced	cooldown-between	0	64.2	50.0	12.892	2130.73	5137.90	5137.90	8.10	NA
2026-09-20T10:39:35Z	balanced	all-core	0	64.0	50.0	12.863	2782.37	5137.90	5137.90	8.10	NA
2026-09-20T10:39:38Z	balanced	all-core	2	79.8	59.0	54.371	4361.96	5137.90	5137.90	8.82	NA
2026-09-20T10:39:40Z	balanced	all-core	5	73.9	56.0	40.588	3988.15	5137.90	5137.90	8.82	NA
2026-09-20T10:39:42Z	balanced	all-core	7	70.2	57.0	36.033	3916.74	5137.90	5137.90	9.55	NA
2026-09-20T10:39:44Z	balanced	all-core	9	69.1	58.0	35.174	4017.52	5137.90	5137.90	9.55	NA
2026-09-20T10:39:46Z	balanced	all-core	11	69.1	58.0	35.017	4000.73	5137.90	5137.90	9.55	NA
2026-09-20T10:39:48Z	balanced	all-core	13	69.1	58.0	34.993	4016.03	5137.90	5137.90	10.31	NA
2026-09-20T10:39:50Z	balanced	all-core	15	69.4	59.0	35.024	3931.23	5137.90	5137.90	10.31	NA
2026-09-20T10:39:52Z	balanced	all-core	17	69.6	59.0	34.994	4017.39	5137.90	5137.90	10.92	NA
2026-09-20T10:39:55Z	balanced	all-core	19	69.9	59.0	35.015	3942.68	5137.90	5137.90	10.92	NA
2026-09-20T10:39:57Z	balanced	all-core	22	70.4	59.0	35.005	3917.70	5137.90	5137.90	11.73	NA
2026-09-20T10:39:59Z	balanced	all-core	24	70.6	59.0	35.009	3935.37	5137.90	5137.90	11.73	NA
2026-09-20T10:40:01Z	balanced	all-core	26	71.0	60.0	35.013	3915.39	5137.90	5137.90	11.73	NA
2026-09-20T10:40:03Z	balanced	all-core	28	71.2	60.0	34.988	3899.62	5137.90	5137.90	12.23	NA
2026-09-20T10:40:05Z	balanced	all-core	30	71.5	60.0	35.013	3931.40	5137.90	5137.90	12.23	NA
2026-09-20T10:40:07Z	balanced	all-core	32	71.8	60.0	34.981	3967.71	5137.90	5137.90	12.86	NA
2026-09-20T10:40:10Z	balanced	all-core	34	71.9	60.0	34.976	3958.87	5137.90	5137.90	12.86	NA
2026-09-20T10:40:12Z	balanced	all-core	37	72.0	61.0	35.014	3967.75	5137.90	5137.90	13.27	NA
2026-09-20T10:40:14Z	balanced	all-core	39	72.2	61.0	35.009	3967.73	5137.90	5137.90	13.27	NA
2026-09-20T10:40:16Z	balanced	all-core	41	72.4	61.0	34.987	3917.59	5137.90	5137.90	13.27	NA
2026-09-20T10:40:18Z	balanced	all-core	43	72.5	61.0	35.018	3943.79	5137.90	5137.90	13.81	NA
2026-09-20T10:40:20Z	balanced	all-core	45	72.6	61.0	35.003	3983.33	5137.90	5137.90	13.81	NA
2026-09-20T10:40:22Z	balanced	all-core	47	72.8	61.0	35.011	3968.64	5137.90	5137.90	14.06	NA
2026-09-20T10:40:24Z	balanced	all-core	49	72.9	62.0	35.014	3983.57	5137.90	5137.90	14.06	NA
2026-09-20T10:40:27Z	balanced	all-core	51	73.1	62.0	35.004	3962.43	5137.90	5137.90	14.54	NA
2026-09-20T10:40:29Z	balanced	all-core	54	73.4	62.0	34.981	4025.14	5137.90	5137.90	14.54	NA
2026-09-20T10:40:31Z	balanced	all-core	56	73.4	62.0	35.004	3908.48	5137.90	5137.90	14.54	NA
2026-09-20T10:40:33Z	balanced	all-core	58	73.5	62.0	34.994	3992.69	5137.90	5137.90	14.74	NA
2026-09-20T10:40:35Z	balanced	all-core	60	73.5	62.0	34.988	3967.72	5137.90	5137.90	14.74	NA
2026-09-20T10:40:37Z	balanced	all-core	62	73.6	62.0	34.983	3943.79	5137.90	5137.90	15.80	NA
2026-09-20T10:40:39Z	balanced	all-core	64	73.9	62.0	35.020	3911.37	5137.90	5137.90	15.80	NA
2026-09-20T10:40:41Z	balanced	all-core	66	73.9	62.0	35.007	3984.94	5137.90	5137.90	15.89	NA
2026-09-20T10:40:44Z	balanced	all-core	68	74.0	62.0	35.018	3958.11	5137.90	5137.90	15.89	NA
2026-09-20T10:40:46Z	balanced	all-core	71	74.0	63.0	35.025	3875.17	5137.90	5137.90	15.89	NA
2026-09-20T10:40:48Z	balanced	all-core	73	74.1	63.0	34.991	3992.84	5137.90	5137.90	15.98	NA
2026-09-20T10:40:50Z	balanced	all-core	75	74.2	63.0	34.996	3992.71	5137.90	5137.90	15.98	NA
2026-09-20T10:40:52Z	balanced	all-core	77	74.1	63.0	35.003	3983.60	5137.90	5137.90	16.15	NA
2026-09-20T10:40:54Z	balanced	all-core	79	74.0	63.0	35.007	3985.97	5137.90	5137.90	16.15	NA
2026-09-20T10:40:56Z	balanced	all-core	81	73.9	63.0	34.988	4017.49	5137.90	5137.90	16.21	NA
2026-09-20T10:40:59Z	balanced	all-core	83	73.8	62.0	35.012	3899.41	5137.90	5137.90	16.21	NA
2026-09-20T10:41:01Z	balanced	all-core	86	73.9	63.0	35.018	3957.41	5137.90	5137.90	16.21	NA
2026-09-20T10:41:03Z	balanced	all-core	88	73.9	63.0	34.993	4017.42	5137.90	5137.90	16.28	NA
2026-09-20T10:41:05Z	balanced	all-core	90	73.8	62.0	35.016	3917.84	5137.90	5137.90	16.28	NA
2026-09-20T10:41:07Z	balanced	all-core	92	73.8	62.0	34.994	4008.20	5137.90	5137.90	16.42	NA
2026-09-20T10:41:09Z	balanced	all-core	94	73.8	62.0	35.014	3988.23	5137.90	5137.90	16.42	NA
2026-09-20T10:41:11Z	balanced	all-core	96	73.8	63.0	35.007	3895.08	5137.90	5137.90	16.62	NA
2026-09-20T10:41:13Z	balanced	all-core	98	73.8	63.0	35.046	3925.05	5137.90	5137.90	16.62	NA
2026-09-20T10:41:16Z	balanced	all-core	100	73.6	62.0	34.986	4017.52	5137.90	5137.90	16.62	NA
2026-09-20T10:41:18Z	balanced	all-core	103	73.8	62.0	34.983	3970.91	5137.90	5137.90	16.65	NA
2026-09-20T10:41:20Z	balanced	all-core	105	73.8	62.0	35.005	3977.51	5137.90	5137.90	16.65	NA
2026-09-20T10:41:22Z	balanced	all-core	107	73.9	62.0	35.044	3898.58	5137.90	5137.90	16.76	NA
2026-09-20T10:41:24Z	balanced	all-core	109	73.8	62.0	35.011	3983.34	5137.90	5137.90	16.76	NA
2026-09-20T10:41:26Z	balanced	all-core	111	73.8	62.0	35.005	3917.79	5137.90	5137.90	16.76	NA
2026-09-20T10:41:28Z	balanced	all-core	113	73.8	62.0	35.019	3903.91	5137.90	5137.90	16.86	NA
2026-09-20T10:41:30Z	balanced	all-core	115	73.9	62.0	34.999	3992.73	5137.90	5137.90	16.86	NA
2026-09-20T10:41:33Z	balanced	all-core	117	73.9	62.0	35.010	3892.80	5137.90	5137.90	17.03	NA
2026-09-20T10:41:35Z	balanced	all-core	120	73.8	63.0	35.017	3916.36	5137.90	5137.90	17.03	NA
2026-09-20T10:41:37Z	balanced	all-core	122	73.6	62.0	34.987	3992.71	5137.90	5137.90	17.11	NA
2026-09-20T10:41:39Z	balanced	all-core	124	73.8	62.0	34.995	3892.77	5137.90	5137.90	17.11	NA
2026-09-20T10:41:41Z	balanced	all-core	126	73.9	62.0	35.021	3931.10	5137.90	5137.90	17.11	NA
2026-09-20T10:41:43Z	balanced	all-core	128	73.8	62.0	35.012	3905.84	5137.90	5137.90	17.26	NA
2026-09-20T10:41:45Z	balanced	all-core	130	73.8	62.0	34.993	3992.26	5137.90	5137.90	17.26	NA
2026-09-20T10:41:48Z	balanced	all-core	132	73.8	62.0	34.993	3942.51	5137.90	5137.90	17.40	NA
2026-09-20T10:41:50Z	balanced	all-core	135	73.8	62.0	34.989	3990.25	5137.90	5137.90	17.40	NA
2026-09-20T10:41:52Z	balanced	all-core	137	73.8	63.0	35.028	3917.97	5137.90	5137.90	17.45	NA
2026-09-20T10:41:54Z	balanced	all-core	139	73.8	63.0	35.002	3942.03	5137.90	5137.90	17.45	NA
2026-09-20T10:41:56Z	balanced	all-core	141	73.6	62.0	35.012	3983.36	5137.90	5137.90	17.45	NA
2026-09-20T10:41:58Z	balanced	all-core	143	73.6	62.0	34.984	4017.65	5137.90	5137.90	17.49	NA
2026-09-20T10:42:00Z	balanced	all-core	145	73.6	62.0	34.984	4042.60	5137.90	5137.90	17.49	NA
2026-09-20T10:42:02Z	balanced	all-core	147	73.9	62.0	34.982	4017.67	5137.90	5137.90	17.85	NA
2026-09-20T10:42:05Z	balanced	all-core	149	73.8	62.0	34.995	4009.32	5137.90	5137.90	17.85	NA
2026-09-20T10:42:07Z	balanced	all-core	152	73.8	62.0	34.996	3992.69	5137.90	5137.90	18.11	NA
2026-09-20T10:42:09Z	balanced	all-core	154	73.6	62.0	34.996	3994.79	5137.90	5137.90	18.11	NA
2026-09-20T10:42:11Z	balanced	all-core	156	73.8	62.0	34.981	3939.11	5137.90	5137.90	18.11	NA
2026-09-20T10:42:13Z	balanced	all-core	158	73.9	62.0	35.016	3945.15	5137.90	5137.90	18.10	NA
2026-09-20T10:42:15Z	balanced	all-core	160	73.8	62.0	34.988	4017.66	5137.90	5137.90	18.10	NA
2026-09-20T10:42:17Z	balanced	all-core	162	73.6	62.0	34.993	4017.59	5137.90	5137.90	18.09	NA
2026-09-20T10:42:19Z	balanced	all-core	164	73.6	63.0	35.052	3817.66	5137.90	5137.90	18.09	NA
2026-09-20T10:42:22Z	balanced	all-core	166	73.6	62.0	35.029	3918.35	5137.90	5137.90	18.08	NA
2026-09-20T10:42:24Z	balanced	all-core	169	73.6	62.0	34.975	3965.65	5137.90	5137.90	18.08	NA
2026-09-20T10:42:26Z	balanced	all-core	171	73.8	62.0	34.985	4032.70	5137.90	5137.90	18.08	NA
2026-09-20T10:42:28Z	balanced	all-core	173	73.6	63.0	35.010	3992.66	5137.90	5137.90	18.00	NA
2026-09-20T10:42:30Z	balanced	all-core	175	73.6	62.0	34.981	4023.22	5137.90	5137.90	18.00	NA
2026-09-20T10:42:32Z	balanced	all-core	177	73.6	62.0	34.990	3958.09	5137.90	5137.90	18.08	NA
2026-09-20T10:42:34Z	balanced	all-core	179	73.8	62.0	35.015	3969.54	5137.90	5137.90	18.08	NA
2026-09-20T10:42:36Z	balanced	all-core	181	73.6	62.0	34.994	4017.66	5137.90	5137.90	18.15	NA
2026-09-20T10:42:39Z	balanced	all-core	183	73.6	62.0	34.995	4017.54	5137.90	5137.90	18.15	NA
2026-09-20T10:42:41Z	balanced	all-core	186	73.8	62.0	35.017	3920.35	5137.90	5137.90	18.15	NA
2026-09-20T10:42:43Z	balanced	all-core	188	73.6	62.0	34.995	3967.46	5137.90	5137.90	18.14	NA
2026-09-20T10:42:45Z	balanced	all-core	190	73.6	62.0	35.009	3904.92	5137.90	5137.90	18.14	NA
2026-09-20T10:42:47Z	balanced	all-core	192	73.8	62.0	34.983	3992.70	5137.90	5137.90	18.21	NA
2026-09-20T10:42:49Z	balanced	all-core	194	73.8	62.0	35.001	3992.71	5137.90	5137.90	18.21	NA
2026-09-20T10:42:51Z	balanced	all-core	196	73.9	62.0	34.983	4035.53	5137.90	5137.90	18.35	NA
2026-09-20T10:42:53Z	balanced	all-core	198	73.8	62.0	34.995	4006.82	5137.90	5137.90	18.35	NA
2026-09-20T10:42:56Z	balanced	all-core	200	73.9	62.0	34.987	4017.58	5137.90	5137.90	18.35	NA
2026-09-20T10:42:58Z	balanced	all-core	203	73.9	62.0	34.982	4027.34	5137.90	5137.90	18.40	NA
2026-09-20T10:43:00Z	balanced	all-core	205	73.9	62.0	34.978	3967.73	5137.90	5137.90	18.40	NA
2026-09-20T10:43:02Z	balanced	all-core	207	73.9	62.0	35.027	3948.62	5137.90	5137.90	18.29	NA
2026-09-20T10:43:04Z	balanced	all-core	209	73.9	63.0	35.002	3958.61	5137.90	5137.90	18.29	NA
2026-09-20T10:43:06Z	balanced	all-core	211	73.9	63.0	35.001	4001.16	5137.90	5137.90	18.29	NA
2026-09-20T10:43:08Z	balanced	all-core	213	74.0	62.0	35.047	3922.06	5137.90	5137.90	18.35	NA
2026-09-20T10:43:10Z	balanced	all-core	215	74.0	63.0	34.999	3934.86	5137.90	5137.90	18.35	NA
2026-09-20T10:43:13Z	balanced	all-core	217	74.0	62.0	34.991	4017.67	5137.90	5137.90	18.32	NA
2026-09-20T10:43:15Z	balanced	all-core	220	74.0	63.0	35.052	3881.90	5137.90	5137.90	18.32	NA
2026-09-20T10:43:17Z	balanced	all-core	222	74.0	63.0	35.016	3992.69	5137.90	5137.90	18.29	NA
2026-09-20T10:43:19Z	balanced	all-core	224	74.0	63.0	35.020	3917.11	5137.90	5137.90	18.29	NA
2026-09-20T10:43:21Z	balanced	all-core	226	74.0	62.0	34.982	4042.50	5137.90	5137.90	18.29	NA
2026-09-20T10:43:23Z	balanced	all-core	228	74.0	62.0	35.009	3917.78	5137.90	5137.90	18.27	NA
2026-09-20T10:43:25Z	balanced	all-core	230	74.0	63.0	35.019	3934.67	5137.90	5137.90	18.27	NA
2026-09-20T10:43:28Z	balanced	all-core	232	74.1	63.0	35.009	3943.26	5137.90	5137.90	18.17	NA
2026-09-20T10:43:30Z	balanced	all-core	235	74.1	63.0	35.016	3919.35	5137.90	5137.90	18.17	NA
2026-09-20T10:43:32Z	balanced	all-core	237	74.1	63.0	35.042	3842.99	5137.90	5137.90	18.15	NA
2026-09-20T10:43:34Z	balanced	all-core	239	74.1	63.0	34.983	4013.90	5137.90	5137.90	18.15	NA
2026-09-20T10:43:36Z	balanced	all-core	241	74.1	63.0	34.989	3966.76	5137.90	5137.90	18.15	NA
2026-09-20T10:43:38Z	balanced	all-core	243	74.1	63.0	34.985	4012.98	5137.90	5137.90	18.22	NA
2026-09-20T10:43:40Z	balanced	all-core	245	74.1	63.0	35.009	3919.33	5137.90	5137.90	18.22	NA
2026-09-20T10:43:42Z	balanced	all-core	247	74.0	63.0	35.001	3992.70	5137.90	5137.90	18.20	NA
2026-09-20T10:43:45Z	balanced	all-core	249	74.1	63.0	34.999	3992.68	5137.90	5137.90	18.20	NA
2026-09-20T10:43:47Z	balanced	all-core	252	74.1	63.0	34.997	3874.49	5137.90	5137.90	19.23	NA
2026-09-20T10:43:49Z	balanced	all-core	254	74.0	63.0	35.005	3914.21	5137.90	5137.90	19.23	NA
2026-09-20T10:43:51Z	balanced	all-core	256	74.0	63.0	34.986	3992.71	5137.90	5137.90	19.23	NA
2026-09-20T10:43:53Z	balanced	all-core	258	74.0	63.0	34.996	3951.40	5137.90	5137.90	19.21	NA
2026-09-20T10:43:55Z	balanced	all-core	260	74.0	63.0	35.019	3903.52	5137.90	5137.90	19.21	NA
2026-09-20T10:43:57Z	balanced	all-core	262	74.1	63.0	35.016	3871.49	5137.90	5137.90	19.11	NA
2026-09-20T10:44:00Z	balanced	all-core	264	74.0	63.0	35.005	3924.97	5137.90	5137.90	19.11	NA
2026-09-20T10:44:02Z	balanced	all-core	267	74.1	63.0	35.014	3957.24	5137.90	5137.90	19.18	NA
2026-09-20T10:44:04Z	balanced	all-core	269	74.0	63.0	34.997	3992.66	5137.90	5137.90	19.18	NA
2026-09-20T10:44:06Z	balanced	all-core	271	74.0	63.0	35.009	3893.07	5137.90	5137.90	19.18	NA
2026-09-20T10:44:08Z	balanced	all-core	273	74.1	63.0	35.025	3865.08	5137.90	5137.90	19.01	NA
2026-09-20T10:44:10Z	balanced	all-core	275	74.0	62.0	34.995	3991.24	5137.90	5137.90	19.01	NA
2026-09-20T10:44:12Z	balanced	all-core	277	74.0	63.0	34.984	3942.97	5137.90	5137.90	19.01	NA
2026-09-20T10:44:14Z	balanced	all-core	279	74.0	62.0	35.014	3907.56	5137.90	5137.90	19.01	NA
2026-09-20T10:44:17Z	balanced	all-core	281	74.0	62.0	34.999	3997.86	5137.90	5137.90	18.93	NA
2026-09-20T10:44:19Z	balanced	all-core	284	74.1	63.0	35.008	3893.41	5137.90	5137.90	18.93	NA
2026-09-20T10:44:21Z	balanced	all-core	286	74.1	63.0	35.024	3930.88	5137.90	5137.90	18.93	NA
2026-09-20T10:44:23Z	balanced	all-core	288	74.1	63.0	35.024	3918.42	5137.90	5137.90	18.93	NA
2026-09-20T10:44:25Z	balanced	all-core	290	74.1	63.0	34.990	3908.91	5137.90	5137.90	18.93	NA
2026-09-20T10:44:27Z	balanced	all-core	292	74.0	63.0	35.024	3933.28	5137.90	5137.90	18.86	NA
2026-09-20T10:44:29Z	balanced	all-core	294	74.2	63.0	34.993	4008.57	5137.90	5137.90	18.86	NA
2026-09-20T10:44:32Z	balanced	all-core	296	74.1	63.0	35.004	3956.76	5137.90	5137.90	18.95	NA
2026-09-20T10:44:34Z	balanced	all-core	299	74.0	63.0	35.003	3970.67	5137.90	5137.90	18.95	NA
2026-09-20T10:44:36Z	balanced	all-core	301	74.0	63.0	35.025	3967.49	5137.90	5137.90	18.95	NA
2026-09-20T10:44:38Z	balanced	all-core	303	74.0	63.0	34.982	3948.36	5137.90	5137.90	19.03	NA
2026-09-20T10:44:40Z	balanced	all-core	305	74.1	63.0	35.021	3963.77	5137.90	5137.90	19.03	NA
2026-09-20T10:44:42Z	balanced	all-core	307	74.0	63.0	35.009	3983.35	5137.90	5137.90	18.95	NA
2026-09-20T10:44:44Z	balanced	all-core	309	74.0	63.0	34.989	4017.66	5137.90	5137.90	18.95	NA
2026-09-20T10:44:46Z	balanced	all-core	311	74.1	63.0	34.995	3942.79	5137.90	5137.90	19.36	NA
2026-09-20T10:44:49Z	balanced	all-core	313	74.0	63.0	35.023	3896.57	5137.90	5137.90	19.36	NA
2026-09-20T10:44:51Z	balanced	all-core	316	74.2	63.0	35.027	3923.88	5137.90	5137.90	19.36	NA
2026-09-20T10:44:53Z	balanced	all-core	318	74.1	63.0	34.988	4017.67	5137.90	5137.90	19.33	NA
2026-09-20T10:44:55Z	balanced	all-core	320	74.1	63.0	34.987	4017.65	5137.90	5137.90	19.33	NA
2026-09-20T10:44:57Z	balanced	all-core	322	74.1	63.0	34.996	3915.09	5137.90	5137.90	19.94	NA
2026-09-20T10:44:59Z	balanced	all-core	324	74.1	63.0	35.019	3957.95	5137.90	5137.90	19.94	NA
2026-09-20T10:45:01Z	balanced	all-core	326	74.2	63.0	34.986	4017.66	5137.90	5137.90	19.94	NA
2026-09-20T10:45:03Z	balanced	all-core	328	74.2	63.0	34.979	3970.13	5137.90	5137.90	20.03	NA
2026-09-20T10:45:06Z	balanced	all-core	330	74.1	63.0	35.045	3809.24	5137.90	5137.90	20.03	NA
2026-09-20T10:45:08Z	balanced	all-core	333	74.4	63.0	35.000	3942.66	5137.90	5137.90	20.02	NA
2026-09-20T10:45:10Z	balanced	all-core	335	74.4	63.0	34.981	4008.31	5137.90	5137.90	20.02	NA
2026-09-20T10:45:12Z	balanced	all-core	337	74.4	63.0	35.037	3824.80	5137.90	5137.90	19.86	NA
2026-09-20T10:45:14Z	balanced	all-core	339	74.1	63.0	35.026	3933.43	5137.90	5137.90	19.86	NA
2026-09-20T10:45:16Z	balanced	all-core	341	74.2	63.0	34.994	4017.65	5137.90	5137.90	19.86	NA
2026-09-20T10:45:18Z	balanced	all-core	343	74.1	63.0	35.015	3893.72	5137.90	5137.90	19.71	NA
2026-09-20T10:45:20Z	balanced	all-core	345	74.1	63.0	35.009	3966.62	5137.90	5137.90	19.71	NA
2026-09-20T10:45:23Z	balanced	all-core	347	74.2	63.0	34.987	4017.64	5137.90	5137.90	19.90	NA
2026-09-20T10:45:25Z	balanced	all-core	350	74.4	63.0	34.990	3942.79	5137.90	5137.90	19.90	NA
2026-09-20T10:45:27Z	balanced	all-core	352	74.2	63.0	34.990	3992.21	5137.90	5137.90	20.06	NA
2026-09-20T10:45:29Z	balanced	all-core	354	74.2	63.0	34.982	3942.46	5137.90	5137.90	20.06	NA
2026-09-20T10:45:31Z	balanced	all-core	356	74.2	63.0	34.983	3942.78	5137.90	5137.90	20.06	NA
2026-09-20T10:45:33Z	balanced	all-core	358	74.2	63.0	35.008	3981.62	5137.90	5137.90	20.06	NA
2026-09-20T10:45:35Z	balanced	all-core	360	74.2	63.0	35.000	3992.66	5137.90	5137.90	20.06	NA
2026-09-20T10:45:37Z	balanced	all-core	362	74.2	63.0	34.988	4012.97	5137.90	5137.90	19.89	NA
2026-09-20T10:45:40Z	balanced	all-core	365	74.1	63.0	35.006	3913.39	5137.90	5137.90	19.89	NA
2026-09-20T10:45:42Z	balanced	all-core	367	74.1	63.0	34.999	3986.45	5137.90	5137.90	19.90	NA
2026-09-20T10:45:44Z	balanced	all-core	369	74.2	62.0	34.988	4017.67	5137.90	5137.90	19.90	NA
2026-09-20T10:45:46Z	balanced	all-core	371	74.1	63.0	34.994	4017.66	5137.90	5137.90	19.90	NA
2026-09-20T10:45:48Z	balanced	all-core	373	74.1	62.0	35.016	3938.74	5137.90	5137.90	19.75	NA
2026-09-20T10:45:50Z	balanced	all-core	375	74.1	63.0	35.018	3903.80	5137.90	5137.90	19.75	NA
2026-09-20T10:45:52Z	balanced	all-core	377	74.1	63.0	35.021	3903.99	5137.90	5137.90	19.53	NA
2026-09-20T10:45:55Z	balanced	all-core	379	74.1	63.0	35.044	3906.02	5137.90	5137.90	19.53	NA
2026-09-20T10:45:57Z	balanced	all-core	382	74.1	63.0	35.020	3940.83	5137.90	5137.90	19.49	NA
2026-09-20T10:45:59Z	balanced	all-core	384	74.0	63.0	35.050	3867.79	5137.90	5137.90	19.49	NA
2026-09-20T10:46:01Z	balanced	all-core	386	73.9	63.0	35.014	3967.72	5137.90	5137.90	19.49	NA
2026-09-20T10:46:03Z	balanced	all-core	388	74.1	62.0	35.026	3887.92	5137.90	5137.90	19.45	NA
2026-09-20T10:46:05Z	balanced	all-core	390	74.2	63.0	35.053	3792.98	5137.90	5137.90	19.45	NA
2026-09-20T10:46:07Z	balanced	all-core	392	74.0	63.0	35.046	3859.33	5137.90	5137.90	19.33	NA
2026-09-20T10:46:09Z	balanced	all-core	394	74.0	63.0	35.023	3897.66	5137.90	5137.90	19.33	NA
2026-09-20T10:46:12Z	balanced	all-core	396	74.0	63.0	35.062	3746.05	5137.90	5137.90	19.47	NA
2026-09-20T10:46:14Z	balanced	all-core	399	74.1	63.0	35.032	3827.82	5137.90	5137.90	19.47	NA
2026-09-20T10:46:16Z	balanced	all-core	401	74.0	63.0	35.049	3815.56	5137.90	5137.90	19.47	NA
2026-09-20T10:46:18Z	balanced	all-core	403	74.0	63.0	35.027	3956.81	5137.90	5137.90	19.59	NA
2026-09-20T10:46:20Z	balanced	all-core	405	74.0	63.0	35.001	3992.67	5137.90	5137.90	19.59	NA
2026-09-20T10:46:22Z	balanced	all-core	407	74.1	63.0	34.984	3947.92	5137.90	5137.90	19.54	NA
2026-09-20T10:46:24Z	balanced	all-core	409	74.1	63.0	35.031	3912.59	5137.90	5137.90	19.54	NA
2026-09-20T10:46:26Z	balanced	all-core	411	73.8	62.0	34.991	4006.70	5137.90	5137.90	19.50	NA
2026-09-20T10:46:28Z	balanced	all-core	413	74.0	63.0	34.992	3942.49	5137.90	5137.90	19.50	NA
2026-09-20T10:46:31Z	balanced	all-core	416	74.0	63.0	35.004	3892.90	5137.90	5137.90	19.50	NA
2026-09-20T10:46:33Z	balanced	all-core	418	74.1	63.0	35.014	3968.54	5137.90	5137.90	19.54	NA
2026-09-20T10:46:35Z	balanced	all-core	420	74.1	62.0	35.001	3936.66	5137.90	5137.90	19.54	NA
2026-09-20T10:46:37Z	balanced	all-core	422	74.0	63.0	35.024	3948.25	5137.90	5137.90	19.33	NA
2026-09-20T10:46:39Z	balanced	all-core	424	74.0	63.0	34.991	3989.43	5137.90	5137.90	19.33	NA
2026-09-20T10:46:41Z	balanced	all-core	426	74.1	63.0	34.981	3942.78	5137.90	5137.90	19.33	NA
2026-09-20T10:46:43Z	balanced	all-core	428	74.1	63.0	35.009	3992.61	5137.90	5137.90	19.23	NA
2026-09-20T10:46:46Z	balanced	all-core	430	74.1	63.0	34.977	4008.28	5137.90	5137.90	19.23	NA
2026-09-20T10:46:48Z	balanced	all-core	433	73.9	63.0	34.977	4013.58	5137.90	5137.90	19.05	NA
2026-09-20T10:46:50Z	balanced	all-core	435	73.9	63.0	35.012	3908.68	5137.90	5137.90	19.05	NA
2026-09-20T10:46:52Z	balanced	all-core	437	74.0	63.0	34.998	3983.73	5137.90	5137.90	19.13	NA
2026-09-20T10:46:54Z	balanced	all-core	439	74.1	63.0	34.983	3982.99	5137.90	5137.90	19.13	NA
2026-09-20T10:46:56Z	balanced	all-core	441	74.2	63.0	35.012	3870.86	5137.90	5137.90	19.13	NA
2026-09-20T10:46:58Z	balanced	all-core	443	74.2	63.0	35.056	3818.02	5137.90	5137.90	19.04	NA
2026-09-20T10:47:01Z	balanced	all-core	445	74.2	63.0	35.009	3842.94	5137.90	5137.90	19.04	NA
2026-09-20T10:47:03Z	balanced	all-core	448	74.2	63.0	34.994	3942.78	5137.90	5137.90	18.87	NA
2026-09-20T10:47:05Z	balanced	all-core	450	74.2	63.0	35.004	3992.71	5137.90	5137.90	18.87	NA
2026-09-20T10:47:07Z	balanced	all-core	452	74.2	63.0	34.982	4024.59	5137.90	5137.90	19.04	NA
2026-09-20T10:47:09Z	balanced	all-core	454	74.2	63.0	35.020	3952.82	5137.90	5137.90	19.04	NA
2026-09-20T10:47:11Z	balanced	all-core	456	74.2	63.0	35.001	3960.49	5137.90	5137.90	19.04	NA
2026-09-20T10:47:13Z	balanced	all-core	458	74.2	63.0	34.981	3942.43	5137.90	5137.90	19.12	NA
2026-09-20T10:47:15Z	balanced	all-core	460	74.2	63.0	35.030	3933.43	5137.90	5137.90	19.12	NA
2026-09-20T10:47:18Z	balanced	all-core	462	74.4	63.0	34.995	3992.64	5137.90	5137.90	19.03	NA
2026-09-20T10:47:20Z	balanced	all-core	465	74.2	63.0	34.978	3950.19	5137.90	5137.90	19.03	NA
2026-09-20T10:47:22Z	balanced	all-core	467	74.2	63.0	35.001	3917.84	5137.90	5137.90	19.11	NA
2026-09-20T10:47:24Z	balanced	all-core	469	74.2	63.0	35.005	3969.93	5137.90	5137.90	19.11	NA
2026-09-20T10:47:26Z	balanced	all-core	471	74.2	63.0	34.997	3991.21	5137.90	5137.90	19.11	NA
2026-09-20T10:47:28Z	balanced	all-core	473	74.2	63.0	34.987	4017.66	5137.90	5137.90	19.26	NA
2026-09-20T10:47:30Z	balanced	all-core	475	74.2	63.0	35.019	3915.02	5137.90	5137.90	19.26	NA
2026-09-20T10:47:32Z	balanced	all-core	477	74.2	63.0	35.011	3983.34	5137.90	5137.90	19.16	NA
2026-09-20T10:47:35Z	balanced	all-core	479	74.1	63.0	34.980	3982.71	5137.90	5137.90	19.16	NA
2026-09-20T10:47:37Z	balanced	all-core	482	69.2	57.0	17.617	1830.60	5137.90	5137.90	17.70	NA
2026-09-20T10:47:37Z	balanced	cooldown-after	0	69.0	58.0	17.370	2474.79	5137.90	5137.90	17.70	NA
2026-09-20T10:47:41Z	power-saver	cooldown-before	0	60.6	55.0	7.592	1929.28	3801.00	5137.90	17.70	NA
2026-09-20T10:47:41Z	power-saver	one-core	0	60.5	55.0	7.663	1492.13	3801.00	5137.90	17.70	NA
2026-09-20T10:47:43Z	power-saver	one-core	2	60.9	56.0	10.040	1649.63	3801.00	5137.90	16.45	NA
2026-09-20T10:47:45Z	power-saver	one-core	4	60.8	55.0	10.587	1798.21	3801.00	5137.90	16.45	NA
2026-09-20T10:47:47Z	power-saver	one-core	6	60.2	54.0	10.681	1724.87	3801.00	5137.90	15.45	NA
2026-09-20T10:47:49Z	power-saver	one-core	8	59.8	54.0	11.085	1901.98	3801.00	5137.90	15.45	NA
2026-09-20T10:47:51Z	power-saver	one-core	10	59.1	53.0	10.810	2115.35	3801.00	5137.90	15.45	NA
2026-09-20T10:47:53Z	power-saver	one-core	12	58.6	52.0	10.826	2195.92	3801.00	5137.90	14.37	NA
2026-09-20T10:47:55Z	power-saver	one-core	14	58.1	52.0	10.800	2173.34	3801.00	5137.90	14.37	NA
2026-09-20T10:47:57Z	power-saver	one-core	16	57.6	52.0	11.089	1835.57	3801.00	5137.90	13.38	NA
2026-09-20T10:47:59Z	power-saver	one-core	18	57.2	51.0	11.060	2547.92	3801.00	5137.90	13.38	NA
2026-09-20T10:48:01Z	power-saver	one-core	20	56.8	51.0	10.601	1773.19	3801.00	5137.90	12.47	NA
2026-09-20T10:48:04Z	power-saver	one-core	22	56.2	51.0	10.598	1760.12	3801.00	5137.90	12.47	NA
2026-09-20T10:48:06Z	power-saver	one-core	25	55.9	50.0	11.035	1892.48	3801.00	5137.90	12.47	NA
2026-09-20T10:48:08Z	power-saver	one-core	27	55.5	50.0	10.793	2107.42	3801.00	5137.90	11.63	NA
2026-09-20T10:48:10Z	power-saver	one-core	29	55.2	50.0	11.004	2348.97	3801.00	5137.90	11.63	NA
2026-09-20T10:48:12Z	power-saver	one-core	31	54.8	49.0	10.625	2075.13	3801.00	5137.90	10.86	NA
2026-09-20T10:48:14Z	power-saver	one-core	33	54.4	48.0	10.641	2065.79	3801.00	5137.90	10.86	NA
2026-09-20T10:48:16Z	power-saver	one-core	35	54.0	49.0	10.542	1886.37	3801.00	5137.90	10.86	NA
2026-09-20T10:48:18Z	power-saver	one-core	37	53.6	48.0	10.690	2224.71	3801.00	5137.90	10.23	NA
2026-09-20T10:48:20Z	power-saver	one-core	39	53.4	48.0	10.771	1717.26	3801.00	5137.90	10.23	NA
2026-09-20T10:48:22Z	power-saver	one-core	41	53.0	48.0	10.562	2423.21	3801.00	5137.90	9.73	NA
2026-09-20T10:48:24Z	power-saver	one-core	43	52.8	48.0	10.584	1991.02	3801.00	5137.90	9.73	NA
2026-09-20T10:48:26Z	power-saver	one-core	45	52.5	48.0	10.523	2077.80	3801.00	5137.90	9.73	NA
2026-09-20T10:48:28Z	power-saver	one-core	47	52.4	47.0	11.047	1883.82	3801.00	5137.90	9.11	NA
2026-09-20T10:48:30Z	power-saver	one-core	49	52.1	47.0	10.945	2500.79	3801.00	5137.90	9.11	NA
2026-09-20T10:48:32Z	power-saver	one-core	51	51.9	47.0	10.934	2206.31	3801.00	5137.90	8.54	NA
2026-09-20T10:48:34Z	power-saver	one-core	53	51.8	47.0	10.807	2009.73	3801.00	5137.90	8.54	NA
2026-09-20T10:48:36Z	power-saver	one-core	55	51.5	46.0	10.582	1611.22	3801.00	5137.90	8.54	NA
2026-09-20T10:48:38Z	power-saver	one-core	57	51.4	46.0	10.755	2443.30	3801.00	5137.90	8.02	NA
2026-09-20T10:48:40Z	power-saver	one-core	59	51.1	46.0	10.815	1659.13	3801.00	5137.90	8.02	NA
2026-09-20T10:48:42Z	power-saver	one-core	61	49.1	44.0	7.728	1700.65	3801.00	5137.90	7.70	NA
2026-09-20T10:48:42Z	power-saver	cooldown-between	0	49.1	44.0	7.754	2267.04	3801.00	5137.90	7.70	NA
2026-09-20T10:48:43Z	power-saver	all-core	0	49.1	44.0	7.829	2023.64	3801.00	5137.90	7.70	NA
2026-09-20T10:48:45Z	power-saver	all-core	3	53.6	48.0	23.126	3767.29	3801.00	5137.90	7.70	NA
2026-09-20T10:48:47Z	power-saver	all-core	5	56.1	48.0	27.474	3768.11	3801.00	5137.90	8.52	NA
2026-09-20T10:48:49Z	power-saver	all-core	7	57.1	49.0	28.564	3767.56	3801.00	5137.90	8.52	NA
2026-09-20T10:48:51Z	power-saver	all-core	9	57.9	49.0	28.629	3768.12	3801.00	5137.90	8.52	NA
2026-09-20T10:48:53Z	power-saver	all-core	11	58.4	50.0	28.766	3768.12	3801.00	5137.90	9.44	NA
2026-09-20T10:48:55Z	power-saver	all-core	13	58.8	51.0	28.596	3768.12	3801.00	5137.90	9.44	NA
2026-09-20T10:48:57Z	power-saver	all-core	15	59.2	51.0	28.581	3768.06	3801.00	5137.90	10.05	NA
2026-09-20T10:49:00Z	power-saver	all-core	17	59.8	52.0	29.204	3768.07	3801.00	5137.90	10.05	NA
2026-09-20T10:49:02Z	power-saver	all-core	20	60.0	52.0	28.829	3768.10	3801.00	5137.90	10.60	NA
2026-09-20T10:49:04Z	power-saver	all-core	22	60.2	52.0	28.751	3768.13	3801.00	5137.90	10.60	NA
2026-09-20T10:49:06Z	power-saver	all-core	24	60.5	52.0	28.627	3768.11	3801.00	5137.90	10.60	NA
2026-09-20T10:49:08Z	power-saver	all-core	26	60.6	52.0	28.455	3767.55	3801.00	5137.90	11.12	NA
2026-09-20T10:49:10Z	power-saver	all-core	28	60.8	52.0	28.382	3768.12	3801.00	5137.90	11.12	NA
2026-09-20T10:49:12Z	power-saver	all-core	30	61.1	52.0	28.559	3768.13	3801.00	5137.90	11.67	NA
2026-09-20T10:49:14Z	power-saver	all-core	32	61.4	53.0	28.900	3767.99	3801.00	5137.90	11.67	NA
2026-09-20T10:49:17Z	power-saver	all-core	34	61.5	53.0	28.616	3768.13	3801.00	5137.90	12.25	NA
2026-09-20T10:49:19Z	power-saver	all-core	37	61.6	53.0	28.740	3767.95	3801.00	5137.90	12.25	NA
2026-09-20T10:49:21Z	power-saver	all-core	39	62.1	53.0	29.184	3766.92	3801.00	5137.90	12.25	NA
2026-09-20T10:49:23Z	power-saver	all-core	41	62.2	54.0	28.924	3767.91	3801.00	5137.90	13.04	NA
2026-09-20T10:49:25Z	power-saver	all-core	43	62.2	53.0	28.549	3767.17	3801.00	5137.90	13.04	NA
2026-09-20T10:49:27Z	power-saver	all-core	45	62.6	53.0	29.144	3768.11	3801.00	5137.90	13.75	NA
2026-09-20T10:49:29Z	power-saver	all-core	47	62.6	53.0	28.815	3766.76	3801.00	5137.90	13.75	NA
2026-09-20T10:49:31Z	power-saver	all-core	49	62.9	54.0	29.204	3767.93	3801.00	5137.90	14.33	NA
2026-09-20T10:49:34Z	power-saver	all-core	51	62.9	54.0	29.175	3767.99	3801.00	5137.90	14.33	NA
2026-09-20T10:49:36Z	power-saver	all-core	54	62.9	54.0	28.912	3767.96	3801.00	5137.90	14.33	NA
2026-09-20T10:49:38Z	power-saver	all-core	56	62.9	54.0	28.855	3767.55	3801.00	5137.90	14.63	NA
2026-09-20T10:49:40Z	power-saver	all-core	58	63.0	55.0	28.881	3767.09	3801.00	5137.90	14.63	NA
2026-09-20T10:49:42Z	power-saver	all-core	60	63.2	55.0	29.142	3767.96	3801.00	5137.90	14.82	NA
2026-09-20T10:49:44Z	power-saver	all-core	62	63.1	54.0	28.870	3768.04	3801.00	5137.90	14.82	NA
2026-09-20T10:49:46Z	power-saver	all-core	64	63.1	55.0	28.844	3767.07	3801.00	5137.90	14.82	NA
2026-09-20T10:49:48Z	power-saver	all-core	66	63.2	55.0	28.829	3768.06	3801.00	5137.90	15.15	NA
2026-09-20T10:49:51Z	power-saver	all-core	68	63.2	55.0	28.748	3767.72	3801.00	5137.90	15.15	NA
2026-09-20T10:49:53Z	power-saver	all-core	71	63.4	55.0	28.746	3767.88	3801.00	5137.90	15.30	NA
2026-09-20T10:49:55Z	power-saver	all-core	73	63.4	55.0	28.730	3679.85	3801.00	5137.90	15.30	NA
2026-09-20T10:49:57Z	power-saver	all-core	75	63.5	55.0	28.633	3767.75	3801.00	5137.90	15.52	NA
2026-09-20T10:49:59Z	power-saver	all-core	77	63.4	55.0	28.595	3767.81	3801.00	5137.90	15.52	NA
2026-09-20T10:50:01Z	power-saver	all-core	79	63.5	55.0	28.495	3767.94	3801.00	5137.90	15.52	NA
2026-09-20T10:50:03Z	power-saver	all-core	81	63.6	55.0	28.592	3628.26	3801.00	5137.90	16.04	NA
2026-09-20T10:50:06Z	power-saver	all-core	83	63.5	55.0	28.510	3721.84	3801.00	5137.90	16.04	NA
2026-09-20T10:50:08Z	power-saver	all-core	86	63.4	55.0	28.483	3768.06	3801.00	5137.90	16.27	NA
2026-09-20T10:50:10Z	power-saver	all-core	88	63.4	55.0	28.499	3768.02	3801.00	5137.90	16.27	NA
2026-09-20T10:50:12Z	power-saver	all-core	90	63.5	55.0	28.430	3617.90	3801.00	5137.90	16.41	NA
2026-09-20T10:50:14Z	power-saver	all-core	92	63.2	55.0	28.424	3609.90	3801.00	5137.90	16.41	NA
2026-09-20T10:50:16Z	power-saver	all-core	94	63.4	55.0	28.361	3577.72	3801.00	5137.90	16.41	NA
2026-09-20T10:50:18Z	power-saver	all-core	96	63.4	55.0	28.330	3718.35	3801.00	5137.90	16.54	NA
2026-09-20T10:50:20Z	power-saver	all-core	98	63.2	55.0	28.296	3768.11	3801.00	5137.90	16.54	NA
2026-09-20T10:50:22Z	power-saver	all-core	100	63.2	55.0	28.274	3578.92	3801.00	5137.90	16.82	NA
2026-09-20T10:50:25Z	power-saver	all-core	103	63.2	55.0	28.255	3593.30	3801.00	5137.90	16.82	NA
2026-09-20T10:50:27Z	power-saver	all-core	105	63.1	55.0	28.248	3634.07	3801.00	5137.90	16.83	NA
2026-09-20T10:50:29Z	power-saver	all-core	107	63.2	55.0	28.197	3668.01	3801.00	5137.90	16.83	NA
2026-09-20T10:50:31Z	power-saver	all-core	109	63.1	55.0	28.174	3550.73	3801.00	5137.90	16.83	NA
2026-09-20T10:50:33Z	power-saver	all-core	111	63.0	55.0	28.084	3767.77	3801.00	5137.90	17.01	NA
2026-09-20T10:50:35Z	power-saver	all-core	113	63.1	55.0	28.045	3681.29	3801.00	5137.90	17.01	NA
2026-09-20T10:50:37Z	power-saver	all-core	115	63.0	55.0	28.033	3695.00	3801.00	5137.90	17.25	NA
2026-09-20T10:50:40Z	power-saver	all-core	117	63.0	55.0	27.991	3768.04	3801.00	5137.90	17.25	NA
2026-09-20T10:50:42Z	power-saver	all-core	120	63.0	55.0	27.952	3672.97	3801.00	5137.90	17.47	NA
2026-09-20T10:50:44Z	power-saver	all-core	122	63.0	55.0	27.929	3768.10	3801.00	5137.90	17.47	NA
2026-09-20T10:50:46Z	power-saver	all-core	124	63.0	55.0	27.928	3768.11	3801.00	5137.90	17.47	NA
2026-09-20T10:50:48Z	power-saver	all-core	126	63.0	55.0	27.935	3632.83	3801.00	5137.90	17.51	NA
2026-09-20T10:50:50Z	power-saver	all-core	128	62.6	55.0	27.880	3768.12	3801.00	5137.90	17.51	NA
2026-09-20T10:50:52Z	power-saver	all-core	130	62.8	55.0	27.833	3712.43	3801.00	5137.90	17.55	NA
2026-09-20T10:50:55Z	power-saver	all-core	132	62.8	55.0	27.797	3603.86	3801.00	5137.90	17.55	NA
2026-09-20T10:50:57Z	power-saver	all-core	135	62.8	55.0	27.759	3741.03	3801.00	5137.90	17.59	NA
2026-09-20T10:50:59Z	power-saver	all-core	137	62.6	55.0	27.798	3629.06	3801.00	5137.90	17.59	NA
2026-09-20T10:51:01Z	power-saver	all-core	139	62.8	54.0	27.719	3768.02	3801.00	5137.90	17.59	NA
2026-09-20T10:51:03Z	power-saver	all-core	141	62.8	54.0	27.729	3704.12	3801.00	5137.90	17.70	NA
2026-09-20T10:51:05Z	power-saver	all-core	143	62.9	54.0	27.702	3711.94	3801.00	5137.90	17.70	NA
2026-09-20T10:51:07Z	power-saver	all-core	145	62.9	55.0	27.653	3643.32	3801.00	5137.90	17.72	NA
2026-09-20T10:51:09Z	power-saver	all-core	147	62.8	55.0	27.659	3682.65	3801.00	5137.90	17.72	NA
2026-09-20T10:51:11Z	power-saver	all-core	149	62.8	55.0	27.634	3627.83	3801.00	5137.90	17.91	NA
2026-09-20T10:51:14Z	power-saver	all-core	151	62.8	55.0	27.547	3768.11	3801.00	5137.90	17.91	NA
2026-09-20T10:51:16Z	power-saver	all-core	154	62.8	54.0	27.499	3768.11	3801.00	5137.90	17.91	NA
2026-09-20T10:51:18Z	power-saver	all-core	156	62.6	54.0	27.476	3652.65	3801.00	5137.90	17.99	NA
2026-09-20T10:51:20Z	power-saver	all-core	158	62.6	54.0	27.405	3768.12	3801.00	5137.90	17.99	NA
2026-09-20T10:51:22Z	power-saver	all-core	160	62.5	55.0	27.384	3584.01	3801.00	5137.90	18.07	NA
2026-09-20T10:51:24Z	power-saver	all-core	162	62.5	54.0	27.393	3683.50	3801.00	5137.90	18.07	NA
2026-09-20T10:51:26Z	power-saver	all-core	164	62.5	55.0	27.402	3426.28	3801.00	5137.90	18.07	NA
2026-09-20T10:51:29Z	power-saver	all-core	166	62.5	54.0	27.353	3603.78	3801.00	5137.90	18.47	NA
2026-09-20T10:51:31Z	power-saver	all-core	169	62.4	54.0	27.306	3723.60	3801.00	5137.90	18.47	NA
2026-09-20T10:51:33Z	power-saver	all-core	171	62.5	54.0	27.260	3757.06	3801.00	5137.90	18.51	NA
2026-09-20T10:51:35Z	power-saver	all-core	173	62.4	55.0	27.303	3441.80	3801.00	5137.90	18.51	NA
2026-09-20T10:51:37Z	power-saver	all-core	175	62.5	54.0	27.244	3696.34	3801.00	5137.90	18.47	NA
2026-09-20T10:51:39Z	power-saver	all-core	177	62.5	55.0	27.253	3613.46	3801.00	5137.90	18.47	NA
2026-09-20T10:51:41Z	power-saver	all-core	179	62.5	55.0	27.231	3661.06	3801.00	5137.90	18.47	NA
2026-09-20T10:51:43Z	power-saver	all-core	181	62.5	55.0	27.253	3501.79	3801.00	5137.90	18.43	NA
2026-09-20T10:51:46Z	power-saver	all-core	183	62.5	55.0	27.212	3541.44	3801.00	5137.90	18.43	NA
2026-09-20T10:51:48Z	power-saver	all-core	186	62.5	55.0	27.161	3698.43	3801.00	5137.90	18.56	NA
2026-09-20T10:51:50Z	power-saver	all-core	188	62.5	54.0	27.180	3693.25	3801.00	5137.90	18.56	NA
2026-09-20T10:51:52Z	power-saver	all-core	190	62.4	54.0	27.140	3640.67	3801.00	5137.90	18.67	NA
2026-09-20T10:51:54Z	power-saver	all-core	192	62.4	54.0	27.128	3693.59	3801.00	5137.90	18.67	NA
2026-09-20T10:51:56Z	power-saver	all-core	194	62.2	54.0	27.086	3743.34	3801.00	5137.90	18.67	NA
2026-09-20T10:51:58Z	power-saver	all-core	196	62.2	55.0	27.111	3501.80	3801.00	5137.90	18.54	NA
2026-09-20T10:52:01Z	power-saver	all-core	198	62.4	55.0	27.055	3690.77	3801.00	5137.90	18.54	NA
2026-09-20T10:52:03Z	power-saver	all-core	201	62.4	55.0	27.054	3416.22	3801.00	5137.90	18.42	NA
2026-09-20T10:52:05Z	power-saver	all-core	203	62.2	55.0	26.979	3743.53	3801.00	5137.90	18.42	NA
2026-09-20T10:52:07Z	power-saver	all-core	205	62.2	54.0	26.999	3697.31	3801.00	5137.90	18.30	NA
2026-09-20T10:52:09Z	power-saver	all-core	207	62.2	54.0	26.968	3592.88	3801.00	5137.90	18.30	NA
2026-09-20T10:52:11Z	power-saver	all-core	209	62.4	54.0	26.931	3724.34	3801.00	5137.90	18.30	NA
2026-09-20T10:52:13Z	power-saver	all-core	211	62.4	54.0	26.927	3633.17	3801.00	5137.90	18.28	NA
2026-09-20T10:52:15Z	power-saver	all-core	213	62.4	54.0	26.909	3759.88	3801.00	5137.90	18.28	NA
2026-09-20T10:52:18Z	power-saver	all-core	215	62.2	54.0	26.929	3599.46	3801.00	5137.90	18.18	NA
2026-09-20T10:52:20Z	power-saver	all-core	218	62.4	54.0	26.859	3507.46	3801.00	5137.90	18.18	NA
2026-09-20T10:52:22Z	power-saver	all-core	220	62.2	54.0	26.897	3633.94	3801.00	5137.90	18.16	NA
2026-09-20T10:52:24Z	power-saver	all-core	222	62.2	54.0	26.847	3558.59	3801.00	5137.90	18.16	NA
2026-09-20T10:52:26Z	power-saver	all-core	224	62.1	54.0	26.821	3494.68	3801.00	5137.90	18.16	NA
2026-09-20T10:52:28Z	power-saver	all-core	226	62.0	54.0	26.780	3658.69	3801.00	5137.90	18.07	NA
2026-09-20T10:52:30Z	power-saver	all-core	228	62.1	54.0	26.789	3349.26	3801.00	5137.90	18.07	NA
2026-09-20T10:52:32Z	power-saver	all-core	230	62.0	54.0	26.763	3611.22	3801.00	5137.90	17.98	NA
2026-09-20T10:52:35Z	power-saver	all-core	232	61.9	54.0	26.700	3721.94	3801.00	5137.90	17.98	NA
2026-09-20T10:52:37Z	power-saver	all-core	235	61.8	54.0	26.699	3589.60	3801.00	5137.90	18.22	NA
2026-09-20T10:52:39Z	power-saver	all-core	237	61.8	54.0	26.658	3563.33	3801.00	5137.90	18.22	NA
2026-09-20T10:52:41Z	power-saver	all-core	239	61.8	54.0	26.604	3718.19	3801.00	5137.90	18.22	NA
2026-09-20T10:52:43Z	power-saver	all-core	241	61.8	54.0	26.594	3720.71	3801.00	5137.90	18.45	NA
2026-09-20T10:52:45Z	power-saver	all-core	243	61.6	54.0	26.585	3614.63	3801.00	5137.90	18.45	NA
2026-09-20T10:52:47Z	power-saver	all-core	245	61.6	54.0	26.550	3666.38	3801.00	5137.90	18.49	NA
2026-09-20T10:52:49Z	power-saver	all-core	247	61.5	54.0	26.550	3618.39	3801.00	5137.90	18.49	NA
2026-09-20T10:52:52Z	power-saver	all-core	249	61.5	54.0	26.486	3742.38	3801.00	5137.90	19.81	NA
2026-09-20T10:52:54Z	power-saver	all-core	252	61.5	54.0	26.499	3530.43	3801.00	5137.90	19.81	NA
2026-09-20T10:52:56Z	power-saver	all-core	254	61.4	54.0	26.477	3521.55	3801.00	5137.90	19.81	NA
2026-09-20T10:52:58Z	power-saver	all-core	256	61.4	54.0	26.431	3619.94	3801.00	5137.90	19.67	NA
2026-09-20T10:53:00Z	power-saver	all-core	258	61.4	54.0	26.389	3734.67	3801.00	5137.90	19.67	NA
2026-09-20T10:53:02Z	power-saver	all-core	260	61.4	54.0	26.381	3676.43	3801.00	5137.90	19.69	NA
2026-09-20T10:53:04Z	power-saver	all-core	262	61.4	54.0	26.374	3537.65	3801.00	5137.90	19.69	NA
2026-09-20T10:53:07Z	power-saver	all-core	264	61.4	54.0	26.353	3512.34	3801.00	5137.90	19.56	NA
2026-09-20T10:53:09Z	power-saver	all-core	267	61.4	53.0	26.314	3467.81	3801.00	5137.90	19.56	NA
2026-09-20T10:53:11Z	power-saver	all-core	269	61.2	54.0	26.291	3658.93	3801.00	5137.90	19.56	NA
2026-09-20T10:53:13Z	power-saver	all-core	271	61.0	54.0	26.276	3342.73	3801.00	5137.90	19.35	NA
2026-09-20T10:53:15Z	power-saver	all-core	273	61.0	53.0	26.192	3655.29	3801.00	5137.90	19.35	NA
2026-09-20T10:53:17Z	power-saver	all-core	275	61.0	53.0	26.177	3676.28	3801.00	5137.90	20.37	NA
2026-09-20T10:53:19Z	power-saver	all-core	277	60.9	53.0	26.178	3634.00	3801.00	5137.90	20.37	NA
2026-09-20T10:53:22Z	power-saver	all-core	279	60.9	53.0	26.161	3587.05	3801.00	5137.90	20.10	NA
2026-09-20T10:53:24Z	power-saver	all-core	282	61.0	53.0	26.102	3685.45	3801.00	5137.90	20.10	NA
2026-09-20T10:53:26Z	power-saver	all-core	284	61.0	53.0	26.109	3542.20	3801.00	5137.90	20.10	NA
2026-09-20T10:53:28Z	power-saver	all-core	286	60.8	53.0	26.077	3552.68	3801.00	5137.90	20.57	NA
2026-09-20T10:53:30Z	power-saver	all-core	288	60.6	53.0	26.014	3718.21	3801.00	5137.90	20.57	NA
2026-09-20T10:53:32Z	power-saver	all-core	290	60.6	53.0	26.023	3560.60	3801.00	5137.90	20.36	NA
2026-09-20T10:53:34Z	power-saver	all-core	292	60.6	53.0	26.005	3499.45	3801.00	5137.90	20.36	NA
2026-09-20T10:53:36Z	power-saver	all-core	294	60.5	53.0	25.960	3488.48	3801.00	5137.90	20.33	NA
2026-09-20T10:53:39Z	power-saver	all-core	297	60.5	53.0	25.967	3489.98	3801.00	5137.90	20.33	NA
2026-09-20T10:53:41Z	power-saver	all-core	299	60.5	53.0	25.932	3493.36	3801.00	5137.90	20.33	NA
2026-09-20T10:53:43Z	power-saver	all-core	301	60.5	53.0	25.922	3347.08	3801.00	5137.90	20.07	NA
2026-09-20T10:53:45Z	power-saver	all-core	303	60.4	53.0	25.862	3551.89	3801.00	5137.90	20.07	NA
2026-09-20T10:53:47Z	power-saver	all-core	305	60.5	53.0	25.861	3444.07	3801.00	5137.90	19.82	NA
2026-09-20T10:53:49Z	power-saver	all-core	307	60.4	53.0	25.814	3528.27	3801.00	5137.90	19.82	NA
2026-09-20T10:53:51Z	power-saver	all-core	309	60.4	53.0	25.802	3570.24	3801.00	5137.90	19.82	NA
2026-09-20T10:53:54Z	power-saver	all-core	311	60.4	53.0	25.719	3668.28	3801.00	5137.90	19.76	NA
2026-09-20T10:53:56Z	power-saver	all-core	314	60.4	53.0	25.694	3664.04	3801.00	5137.90	19.76	NA
2026-09-20T10:53:58Z	power-saver	all-core	316	60.4	53.0	25.681	3478.35	3801.00	5137.90	19.69	NA
2026-09-20T10:54:00Z	power-saver	all-core	318	60.4	53.0	25.669	3564.22	3801.00	5137.90	19.69	NA
2026-09-20T10:54:02Z	power-saver	all-core	320	60.2	53.0	25.630	3484.61	3801.00	5137.90	19.64	NA
2026-09-20T10:54:04Z	power-saver	all-core	322	60.4	53.0	25.608	3518.47	3801.00	5137.90	19.64	NA
2026-09-20T10:54:06Z	power-saver	all-core	324	60.4	53.0	25.586	3660.42	3801.00	5137.90	19.64	NA
2026-09-20T10:54:09Z	power-saver	all-core	326	60.2	53.0	25.601	3493.57	3801.00	5137.90	19.67	NA
2026-09-20T10:54:11Z	power-saver	all-core	329	60.2	53.0	25.599	3517.39	3801.00	5137.90	19.67	NA
2026-09-20T10:54:13Z	power-saver	all-core	331	60.2	53.0	25.596	3439.66	3801.00	5137.90	19.70	NA
2026-09-20T10:54:15Z	power-saver	all-core	333	60.1	53.0	25.597	3385.68	3801.00	5137.90	19.70	NA
2026-09-20T10:54:17Z	power-saver	all-core	335	60.2	53.0	25.571	3566.53	3801.00	5137.90	19.64	NA
2026-09-20T10:54:19Z	power-saver	all-core	337	60.2	53.0	25.585	3238.85	3801.00	5137.90	19.64	NA
2026-09-20T10:54:21Z	power-saver	all-core	339	60.2	53.0	25.521	3528.51	3801.00	5137.90	19.64	NA
2026-09-20T10:54:23Z	power-saver	all-core	341	60.2	53.0	25.500	3697.01	3801.00	5137.90	19.75	NA
2026-09-20T10:54:26Z	power-saver	all-core	344	60.2	53.0	25.519	3448.20	3801.00	5137.90	19.75	NA
2026-09-20T10:54:28Z	power-saver	all-core	346	60.1	53.0	25.496	3531.29	3801.00	5137.90	19.69	NA
2026-09-20T10:54:30Z	power-saver	all-core	348	60.1	53.0	25.451	3668.51	3801.00	5137.90	19.69	NA
2026-09-20T10:54:32Z	power-saver	all-core	350	60.1	53.0	25.468	3301.70	3801.00	5137.90	19.63	NA
2026-09-20T10:54:34Z	power-saver	all-core	352	59.9	53.0	25.451	3427.95	3801.00	5137.90	19.63	NA
2026-09-20T10:54:36Z	power-saver	all-core	354	59.9	53.0	25.397	3590.19	3801.00	5137.90	19.63	NA
2026-09-20T10:54:38Z	power-saver	all-core	356	59.9	52.0	25.390	3568.13	3801.00	5137.90	20.94	NA
2026-09-20T10:54:41Z	power-saver	all-core	358	59.8	53.0	25.338	3653.43	3801.00	5137.90	20.94	NA
2026-09-20T10:54:43Z	power-saver	all-core	361	59.8	52.0	25.293	3588.52	3801.00	5137.90	20.71	NA
2026-09-20T10:54:45Z	power-saver	all-core	363	59.8	52.0	25.291	3448.13	3801.00	5137.90	20.71	NA
2026-09-20T10:54:47Z	power-saver	all-core	365	59.9	52.0	25.281	3338.47	3801.00	5137.90	20.49	NA
2026-09-20T10:54:49Z	power-saver	all-core	367	59.6	52.0	25.267	3344.42	3801.00	5137.90	20.49	NA
2026-09-20T10:54:51Z	power-saver	all-core	369	59.5	52.0	25.247	3249.53	3801.00	5137.90	20.49	NA
2026-09-20T10:54:53Z	power-saver	all-core	371	59.4	53.0	25.206	3410.42	3801.00	5137.90	20.37	NA
2026-09-20T10:54:56Z	power-saver	all-core	373	59.4	52.0	25.190	3367.13	3801.00	5137.90	20.37	NA
2026-09-20T10:54:58Z	power-saver	all-core	376	59.2	52.0	25.115	3534.05	3801.00	5137.90	20.34	NA
2026-09-20T10:55:00Z	power-saver	all-core	378	59.4	52.0	25.109	3649.16	3801.00	5137.90	20.34	NA
2026-09-20T10:55:02Z	power-saver	all-core	380	59.2	52.0	25.110	3497.18	3801.00	5137.90	20.47	NA
2026-09-20T10:55:04Z	power-saver	all-core	382	59.5	52.0	25.088	3593.45	3801.00	5137.90	20.47	NA
2026-09-20T10:55:06Z	power-saver	all-core	384	59.5	52.0	25.071	3461.99	3801.00	5137.90	20.47	NA
2026-09-20T10:55:08Z	power-saver	all-core	386	59.4	52.0	25.052	3584.58	3801.00	5137.90	20.28	NA
2026-09-20T10:55:10Z	power-saver	all-core	388	59.2	52.0	25.028	3345.39	3801.00	5137.90	20.28	NA
2026-09-20T10:55:13Z	power-saver	all-core	390	59.4	52.0	24.966	3371.55	3801.00	5137.90	20.17	NA
2026-09-20T10:55:15Z	power-saver	all-core	393	59.2	52.0	24.943	3280.47	3801.00	5137.90	20.17	NA
2026-09-20T10:55:17Z	power-saver	all-core	395	59.1	52.0	24.923	3398.77	3801.00	5137.90	20.08	NA
2026-09-20T10:55:19Z	power-saver	all-core	397	59.2	52.0	24.868	3638.55	3801.00	5137.90	20.08	NA
2026-09-20T10:55:21Z	power-saver	all-core	399	59.1	52.0	24.859	3457.54	3801.00	5137.90	20.08	NA
2026-09-20T10:55:23Z	power-saver	all-core	401	59.0	52.0	24.837	3444.08	3801.00	5137.90	19.91	NA
2026-09-20T10:55:25Z	power-saver	all-core	403	59.0	52.0	24.824	3415.54	3801.00	5137.90	19.91	NA
2026-09-20T10:55:27Z	power-saver	all-core	405	59.0	52.0	24.797	3570.12	3801.00	5137.90	19.76	NA
2026-09-20T10:55:30Z	power-saver	all-core	407	59.1	52.0	24.825	3334.40	3801.00	5137.90	19.76	NA
2026-09-20T10:55:32Z	power-saver	all-core	410	59.0	52.0	24.793	3247.19	3801.00	5137.90	19.54	NA
2026-09-20T10:55:34Z	power-saver	all-core	412	58.9	52.0	24.742	3380.26	3801.00	5137.90	19.54	NA
2026-09-20T10:55:36Z	power-saver	all-core	414	58.9	52.0	24.723	2886.31	3801.00	5137.90	19.54	NA
2026-09-20T10:55:38Z	power-saver	all-core	416	58.8	52.0	24.702	3293.87	3801.00	5137.90	19.41	NA
2026-09-20T10:55:40Z	power-saver	all-core	418	58.8	52.0	24.659	3455.16	3801.00	5137.90	19.41	NA
2026-09-20T10:55:42Z	power-saver	all-core	420	58.6	52.0	24.668	3418.17	3801.00	5137.90	19.22	NA
2026-09-20T10:55:45Z	power-saver	all-core	422	58.6	52.0	24.645	3389.26	3801.00	5137.90	19.22	NA
2026-09-20T10:55:47Z	power-saver	all-core	425	58.5	52.0	24.652	3455.86	3801.00	5137.90	19.12	NA
2026-09-20T10:55:49Z	power-saver	all-core	427	58.5	52.0	24.560	3615.08	3801.00	5137.90	19.12	NA
2026-09-20T10:55:51Z	power-saver	all-core	429	58.4	52.0	24.562	3434.69	3801.00	5137.90	19.12	NA
2026-09-20T10:55:53Z	power-saver	all-core	431	58.4	52.0	24.518	3566.43	3801.00	5137.90	19.27	NA
2026-09-20T10:55:55Z	power-saver	all-core	433	58.1	52.0	24.544	3305.99	3801.00	5137.90	19.27	NA
2026-09-20T10:55:57Z	power-saver	all-core	435	58.4	52.0	24.506	3402.27	3801.00	5137.90	19.41	NA
2026-09-20T10:55:59Z	power-saver	all-core	437	58.4	52.0	24.452	3577.04	3801.00	5137.90	19.41	NA
2026-09-20T10:56:02Z	power-saver	all-core	440	58.5	51.0	24.424	3587.38	3801.00	5137.90	19.22	NA
2026-09-20T10:56:04Z	power-saver	all-core	442	58.4	52.0	24.405	3618.38	3801.00	5137.90	19.22	NA
2026-09-20T10:56:06Z	power-saver	all-core	444	58.4	52.0	24.401	3502.65	3801.00	5137.90	19.22	NA
2026-09-20T10:56:08Z	power-saver	all-core	446	58.2	52.0	24.363	3534.01	3801.00	5137.90	19.36	NA
2026-09-20T10:56:10Z	power-saver	all-core	448	58.2	52.0	24.317	3610.57	3801.00	5137.90	19.36	NA
2026-09-20T10:56:12Z	power-saver	all-core	450	58.2	52.0	24.308	3621.59	3801.00	5137.90	19.41	NA
2026-09-20T10:56:14Z	power-saver	all-core	452	58.2	51.0	24.281	3586.12	3801.00	5137.90	19.41	NA
2026-09-20T10:56:17Z	power-saver	all-core	454	58.2	52.0	24.251	3618.39	3801.00	5137.90	19.22	NA
2026-09-20T10:56:19Z	power-saver	all-core	457	58.1	52.0	24.252	3434.20	3801.00	5137.90	19.22	NA
2026-09-20T10:56:21Z	power-saver	all-core	459	58.1	51.0	24.198	3580.89	3801.00	5137.90	19.22	NA
2026-09-20T10:56:23Z	power-saver	all-core	461	58.1	51.0	24.186	3439.83	3801.00	5137.90	19.20	NA
2026-09-20T10:56:25Z	power-saver	all-core	463	58.0	52.0	24.164	3541.50	3801.00	5137.90	19.20	NA
2026-09-20T10:56:27Z	power-saver	all-core	465	58.1	51.0	24.123	3589.09	3801.00	5137.90	19.02	NA
2026-09-20T10:56:29Z	power-saver	all-core	467	58.0	51.0	24.157	3470.63	3801.00	5137.90	19.02	NA
2026-09-20T10:56:32Z	power-saver	all-core	469	58.0	51.0	24.116	3543.16	3801.00	5137.90	18.86	NA
2026-09-20T10:56:34Z	power-saver	all-core	472	58.0	51.0	24.105	3394.29	3801.00	5137.90	18.86	NA
2026-09-20T10:56:36Z	power-saver	all-core	474	57.9	51.0	24.045	3616.50	3801.00	5137.90	18.86	NA
2026-09-20T10:56:38Z	power-saver	all-core	476	57.8	52.0	24.042	3293.65	3801.00	5137.90	18.87	NA
2026-09-20T10:56:40Z	power-saver	all-core	478	57.8	51.0	23.993	3588.48	3801.00	5137.90	18.87	NA
2026-09-20T10:56:42Z	power-saver	all-core	480	57.8	51.0	23.983	3418.62	3801.00	5137.90	18.72	NA
2026-09-20T10:56:44Z	power-saver	all-core	482	54.4	48.0	10.836	2039.33	3801.00	5137.90	18.72	NA
2026-09-20T10:56:44Z	power-saver	cooldown-after	0	54.2	48.0	10.706	2138.44	3801.00	5137.90	18.72	NA
2026-09-20T10:56:48Z	light-use	cooldown-before	0	50.2	46.0	6.774	2071.45	3200.00	5137.90	17.30	NA
2026-09-20T10:56:48Z	light-use	one-core	0	50.2	46.0	6.851	1890.15	3200.00	5137.90	17.30	NA
2026-09-20T10:56:51Z	light-use	one-core	2	49.9	47.0	8.628	1948.59	3200.00	5137.90	17.30	NA
2026-09-20T10:56:53Z	light-use	one-core	5	49.5	47.0	8.948	1504.35	3200.00	5137.90	16.08	NA
2026-09-20T10:56:55Z	light-use	one-core	7	49.1	46.0	9.343	1427.62	3200.00	5137.90	16.08	NA
2026-09-20T10:56:57Z	light-use	one-core	9	48.8	46.0	9.147	1422.73	3200.00	5137.90	14.95	NA
2026-09-20T10:56:59Z	light-use	one-core	11	48.4	45.0	9.489	1906.68	3200.00	5137.90	14.95	NA
2026-09-20T10:57:01Z	light-use	one-core	13	48.1	45.0	9.158	1777.32	3200.00	5137.90	14.95	NA
2026-09-20T10:57:03Z	light-use	one-core	15	47.8	45.0	9.069	1379.36	3200.00	5137.90	13.91	NA
2026-09-20T10:57:05Z	light-use	one-core	17	47.5	44.0	9.291	1860.92	3200.00	5137.90	13.91	NA
2026-09-20T10:57:07Z	light-use	one-core	19	47.1	44.0	9.047	1790.21	3200.00	5137.90	12.96	NA
2026-09-20T10:57:09Z	light-use	one-core	21	46.9	44.0	9.084	1681.24	3200.00	5137.90	12.96	NA
2026-09-20T10:57:11Z	light-use	one-core	23	46.6	44.0	9.154	1510.45	3200.00	5137.90	12.96	NA
2026-09-20T10:57:13Z	light-use	one-core	25	46.4	44.0	9.040	2055.08	3200.00	5137.90	12.08	NA
2026-09-20T10:57:15Z	light-use	one-core	27	46.2	43.0	9.427	1427.61	3200.00	5137.90	12.08	NA
2026-09-20T10:57:17Z	light-use	one-core	29	46.0	43.0	9.179	1869.70	3200.00	5137.90	11.27	NA
2026-09-20T10:57:19Z	light-use	one-core	31	45.8	43.0	9.184	1563.38	3200.00	5137.90	11.27	NA
2026-09-20T10:57:21Z	light-use	one-core	33	45.6	43.0	9.280	1726.13	3200.00	5137.90	11.27	NA
2026-09-20T10:57:23Z	light-use	one-core	35	45.4	43.0	9.059	2422.28	3200.00	5137.90	10.53	NA
2026-09-20T10:57:25Z	light-use	one-core	37	45.2	42.0	9.455	2047.81	3200.00	5137.90	10.53	NA
2026-09-20T10:57:27Z	light-use	one-core	39	45.0	42.0	9.173	1579.79	3200.00	5137.90	9.93	NA
2026-09-20T10:57:29Z	light-use	one-core	41	44.9	42.0	9.177	1539.72	3200.00	5137.90	9.93	NA
2026-09-20T10:57:32Z	light-use	one-core	43	44.6	42.0	9.044	1869.62	3200.00	5137.90	9.29	NA
2026-09-20T10:57:34Z	light-use	one-core	46	44.5	41.0	9.036	2443.48	3200.00	5137.90	9.29	NA
2026-09-20T10:57:36Z	light-use	one-core	48	44.5	41.0	9.351	1983.47	3200.00	5137.90	9.29	NA
2026-09-20T10:57:38Z	light-use	one-core	50	44.5	41.0	9.151	1841.95	3200.00	5137.90	8.79	NA
2026-09-20T10:57:40Z	light-use	one-core	52	44.5	42.0	9.298	1538.68	3200.00	5137.90	8.79	NA
2026-09-20T10:57:42Z	light-use	one-core	54	44.4	41.0	9.081	1509.16	3200.00	5137.90	8.24	NA
2026-09-20T10:57:44Z	light-use	one-core	56	44.4	41.0	9.555	2349.94	3200.00	5137.90	8.24	NA
2026-09-20T10:57:46Z	light-use	one-core	58	44.4	41.0	9.400	1746.65	3200.00	5137.90	8.24	NA
2026-09-20T10:57:48Z	light-use	one-core	60	44.1	41.0	9.102	1456.69	3200.00	5137.90	7.74	NA
2026-09-20T10:57:50Z	light-use	one-core	62	43.5	40.0	6.866	1494.08	3200.00	5137.90	7.74	NA
2026-09-20T10:57:50Z	light-use	cooldown-between	0	43.4	40.0	6.917	1753.04	3200.00	5137.90	7.74	NA
2026-09-20T10:57:50Z	light-use	all-core	0	43.4	40.0	6.954	2037.49	3200.00	5137.90	7.74	NA
2026-09-20T10:57:52Z	light-use	all-core	2	46.5	42.0	17.689	3194.17	3200.00	5137.90	8.65	NA
2026-09-20T10:57:54Z	light-use	all-core	4	48.0	43.0	20.579	3194.13	3200.00	5137.90	8.65	NA
2026-09-20T10:57:56Z	light-use	all-core	6	48.5	43.0	20.937	3194.16	3200.00	5137.90	9.39	NA
2026-09-20T10:57:59Z	light-use	all-core	8	48.9	44.0	20.926	3194.09	3200.00	5137.90	9.39	NA
2026-09-20T10:58:01Z	light-use	all-core	11	49.2	44.0	20.918	3194.11	3200.00	5137.90	9.39	NA
2026-09-20T10:58:03Z	light-use	all-core	13	49.5	44.0	20.923	3193.86	3200.00	5137.90	10.08	NA
2026-09-20T10:58:05Z	light-use	all-core	15	50.0	44.0	21.067	3194.09	3200.00	5137.90	10.08	NA
2026-09-20T10:58:07Z	light-use	all-core	17	50.1	45.0	21.021	3194.16	3200.00	5137.90	10.80	NA
2026-09-20T10:58:09Z	light-use	all-core	19	50.2	45.0	20.828	3194.14	3200.00	5137.90	10.80	NA
2026-09-20T10:58:12Z	light-use	all-core	21	50.5	46.0	21.007	3193.89	3200.00	5137.90	11.46	NA
2026-09-20T10:58:14Z	light-use	all-core	24	50.8	45.0	20.693	3194.12	3200.00	5137.90	11.46	NA
2026-09-20T10:58:16Z	light-use	all-core	26	51.0	46.0	21.088	3194.16	3200.00	5137.90	11.46	NA
2026-09-20T10:58:18Z	light-use	all-core	28	51.1	46.0	21.043	3194.15	3200.00	5137.90	11.98	NA
2026-09-20T10:58:20Z	light-use	all-core	30	51.2	46.0	20.973	3194.16	3200.00	5137.90	11.98	NA
2026-09-20T10:58:22Z	light-use	all-core	32	51.4	47.0	20.894	3194.04	3200.00	5137.90	12.46	NA
2026-09-20T10:58:24Z	light-use	all-core	34	51.6	46.0	20.695	3193.95	3200.00	5137.90	12.46	NA
2026-09-20T10:58:27Z	light-use	all-core	36	51.9	47.0	20.829	3194.16	3200.00	5137.90	13.07	NA
2026-09-20T10:58:29Z	light-use	all-core	39	51.9	47.0	20.836	3194.11	3200.00	5137.90	13.07	NA
2026-09-20T10:58:31Z	light-use	all-core	41	51.9	47.0	20.897	3194.15	3200.00	5137.90	13.07	NA
2026-09-20T10:58:33Z	light-use	all-core	43	52.0	47.0	20.905	3194.13	3200.00	5137.90	13.38	NA
2026-09-20T10:58:35Z	light-use	all-core	45	52.1	47.0	20.848	3193.92	3200.00	5137.90	13.38	NA
2026-09-20T10:58:37Z	light-use	all-core	47	52.4	47.0	20.876	3194.16	3200.00	5137.90	14.15	NA
2026-09-20T10:58:39Z	light-use	all-core	49	52.5	47.0	20.900	3194.12	3200.00	5137.90	14.15	NA
2026-09-20T10:58:42Z	light-use	all-core	51	52.6	48.0	20.836	3194.13	3200.00	5137.90	14.86	NA
2026-09-20T10:58:44Z	light-use	all-core	54	52.6	48.0	20.894	3194.15	3200.00	5137.90	14.86	NA
2026-09-20T10:58:46Z	light-use	all-core	56	52.8	48.0	20.917	3194.18	3200.00	5137.90	14.86	NA
2026-09-20T10:58:48Z	light-use	all-core	58	52.9	48.0	21.087	3193.97	3200.00	5137.90	15.59	NA
2026-09-20T10:58:50Z	light-use	all-core	60	52.9	48.0	20.912	3194.12	3200.00	5137.90	15.59	NA
2026-09-20T10:58:52Z	light-use	all-core	62	52.9	48.0	20.973	3194.00	3200.00	5137.90	15.79	NA
2026-09-20T10:58:54Z	light-use	all-core	64	52.9	48.0	20.930	3194.15	3200.00	5137.90	15.79	NA
2026-09-20T10:58:57Z	light-use	all-core	66	53.0	48.0	20.850	3194.09	3200.00	5137.90	16.04	NA
2026-09-20T10:58:59Z	light-use	all-core	69	53.2	48.0	21.354	3194.14	3200.00	5137.90	16.04	NA
2026-09-20T10:59:01Z	light-use	all-core	71	53.2	48.0	21.194	3194.16	3200.00	5137.90	16.04	NA
2026-09-20T10:59:03Z	light-use	all-core	73	53.1	48.0	21.093	3194.15	3200.00	5137.90	16.20	NA
2026-09-20T10:59:05Z	light-use	all-core	75	53.2	48.0	21.167	3194.16	3200.00	5137.90	16.20	NA
2026-09-20T10:59:07Z	light-use	all-core	77	53.2	48.0	21.177	3194.14	3200.00	5137.90	16.51	NA
2026-09-20T10:59:09Z	light-use	all-core	79	53.4	48.0	21.183	3194.16	3200.00	5137.90	16.51	NA
2026-09-20T10:59:12Z	light-use	all-core	81	53.4	48.0	21.152	3194.07	3200.00	5137.90	16.79	NA
2026-09-20T10:59:14Z	light-use	all-core	84	53.4	48.0	21.092	3194.15	3200.00	5137.90	16.79	NA
2026-09-20T10:59:16Z	light-use	all-core	86	53.4	48.0	21.089	3194.08	3200.00	5137.90	16.79	NA
2026-09-20T10:59:18Z	light-use	all-core	88	53.5	48.0	21.096	3194.16	3200.00	5137.90	16.96	NA
2026-09-20T10:59:20Z	light-use	all-core	90	53.6	48.0	21.245	3194.11	3200.00	5137.90	16.96	NA
2026-09-20T10:59:22Z	light-use	all-core	92	53.6	48.0	21.117	3193.69	3200.00	5137.90	17.05	NA
2026-09-20T10:59:24Z	light-use	all-core	94	53.6	48.0	21.221	3194.16	3200.00	5137.90	17.05	NA
2026-09-20T10:59:27Z	light-use	all-core	96	53.6	48.0	21.188	3194.10	3200.00	5137.90	17.12	NA
2026-09-20T10:59:29Z	light-use	all-core	99	53.8	48.0	21.162	3194.02	3200.00	5137.90	17.12	NA
2026-09-20T10:59:31Z	light-use	all-core	101	53.9	48.0	21.196	3194.12	3200.00	5137.90	17.12	NA
2026-09-20T10:59:33Z	light-use	all-core	103	53.8	48.0	21.144	3194.16	3200.00	5137.90	17.11	NA
2026-09-20T10:59:35Z	light-use	all-core	105	53.9	48.0	21.128	3194.08	3200.00	5137.90	17.11	NA
2026-09-20T10:59:37Z	light-use	all-core	107	53.9	48.0	21.153	3194.16	3200.00	5137.90	17.10	NA
2026-09-20T10:59:40Z	light-use	all-core	109	53.9	48.0	21.114	3194.17	3200.00	5137.90	17.10	NA
2026-09-20T10:59:42Z	light-use	all-core	112	54.0	48.0	21.555	3194.13	3200.00	5137.90	17.18	NA
2026-09-20T10:59:44Z	light-use	all-core	114	54.0	48.0	21.089	3194.17	3200.00	5137.90	17.18	NA
2026-09-20T10:59:46Z	light-use	all-core	116	53.9	48.0	21.156	3194.16	3200.00	5137.90	17.18	NA
2026-09-20T10:59:48Z	light-use	all-core	118	53.9	48.0	20.926	3194.15	3200.00	5137.90	17.24	NA
2026-09-20T10:59:50Z	light-use	all-core	120	54.0	48.0	20.872	3194.15	3200.00	5137.90	17.24	NA
2026-09-20T10:59:52Z	light-use	all-core	122	54.0	48.0	21.156	3194.15	3200.00	5137.90	17.46	NA
2026-09-20T10:59:55Z	light-use	all-core	124	54.0	49.0	21.087	3193.56	3200.00	5137.90	17.46	NA
2026-09-20T10:59:57Z	light-use	all-core	127	54.0	48.0	21.150	3194.12	3200.00	5137.90	17.43	NA
2026-09-20T10:59:59Z	light-use	all-core	129	54.0	49.0	21.167	3192.96	3200.00	5137.90	17.43	NA
2026-09-20T11:00:01Z	light-use	all-core	131	54.0	49.0	21.443	3194.15	3200.00	5137.90	17.43	NA
2026-09-20T11:00:03Z	light-use	all-core	133	54.0	48.0	21.147	3194.16	3200.00	5137.90	17.55	NA
2026-09-20T11:00:05Z	light-use	all-core	135	54.0	49.0	21.143	3194.15	3200.00	5137.90	17.55	NA
2026-09-20T11:00:07Z	light-use	all-core	137	54.0	49.0	21.104	3194.16	3200.00	5137.90	17.51	NA
2026-09-20T11:00:09Z	light-use	all-core	139	54.0	49.0	21.030	3194.16	3200.00	5137.90	17.51	NA
2026-09-20T11:00:12Z	light-use	all-core	141	54.0	49.0	21.360	3194.13	3200.00	5137.90	17.71	NA
2026-09-20T11:00:14Z	light-use	all-core	144	54.4	49.0	21.559	3194.17	3200.00	5137.90	17.71	NA
2026-09-20T11:00:16Z	light-use	all-core	146	54.5	49.0	21.406	3194.03	3200.00	5137.90	17.71	NA
2026-09-20T11:00:18Z	light-use	all-core	148	54.6	49.0	21.877	3194.16	3200.00	5137.90	18.21	NA
2026-09-20T11:00:20Z	light-use	all-core	150	54.6	49.0	21.342	3194.17	3200.00	5137.90	18.21	NA
2026-09-20T11:00:22Z	light-use	all-core	152	54.6	49.0	21.309	3194.16	3200.00	5137.90	18.28	NA
2026-09-20T11:00:24Z	light-use	all-core	154	54.5	49.0	21.019	3194.15	3200.00	5137.90	18.28	NA
2026-09-20T11:00:27Z	light-use	all-core	157	54.5	49.0	20.962	3194.13	3200.00	5137.90	18.25	NA
2026-09-20T11:00:29Z	light-use	all-core	159	54.5	49.0	21.022	3194.18	3200.00	5137.90	18.25	NA
2026-09-20T11:00:31Z	light-use	all-core	161	54.5	49.0	20.974	3194.09	3200.00	5137.90	18.25	NA
2026-09-20T11:00:33Z	light-use	all-core	163	54.5	49.0	21.139	3194.15	3200.00	5137.90	18.23	NA
2026-09-20T11:00:35Z	light-use	all-core	165	54.5	49.0	20.842	3194.04	3200.00	5137.90	18.23	NA
2026-09-20T11:00:37Z	light-use	all-core	167	54.5	49.0	20.915	3194.10	3200.00	5137.90	18.21	NA
2026-09-20T11:00:39Z	light-use	all-core	169	54.5	49.0	20.829	3194.16	3200.00	5137.90	18.21	NA
2026-09-20T11:00:42Z	light-use	all-core	171	54.5	49.0	20.813	3194.16	3200.00	5137.90	18.20	NA
2026-09-20T11:00:44Z	light-use	all-core	174	54.6	49.0	21.060	3194.19	3200.00	5137.90	18.20	NA
2026-09-20T11:00:46Z	light-use	all-core	176	54.5	49.0	20.933	3194.01	3200.00	5137.90	18.20	NA
2026-09-20T11:00:48Z	light-use	all-core	178	54.5	49.0	21.280	3194.16	3200.00	5137.90	18.18	NA
2026-09-20T11:00:50Z	light-use	all-core	180	54.5	49.0	21.051	3194.12	3200.00	5137.90	18.18	NA
2026-09-20T11:00:52Z	light-use	all-core	182	54.4	49.0	21.006	3194.14	3200.00	5137.90	18.25	NA
2026-09-20T11:00:55Z	light-use	all-core	184	54.5	49.0	21.223	3193.91	3200.00	5137.90	18.25	NA
2026-09-20T11:00:57Z	light-use	all-core	187	54.5	49.0	20.990	3194.15	3200.00	5137.90	18.23	NA
2026-09-20T11:00:59Z	light-use	all-core	189	54.6	49.0	21.167	3194.15	3200.00	5137.90	18.23	NA
2026-09-20T11:01:01Z	light-use	all-core	191	54.6	49.0	20.962	3194.08	3200.00	5137.90	18.23	NA
2026-09-20T11:01:03Z	light-use	all-core	193	54.6	49.0	20.816	3194.16	3200.00	5137.90	18.13	NA
2026-09-20T11:01:05Z	light-use	all-core	195	54.8	49.0	20.928	3194.17	3200.00	5137.90	18.13	NA
2026-09-20T11:01:07Z	light-use	all-core	197	54.6	49.0	21.013	3193.91	3200.00	5137.90	18.20	NA
2026-09-20T11:01:10Z	light-use	all-core	199	54.6	49.0	21.020	3193.99	3200.00	5137.90	18.20	NA
2026-09-20T11:01:12Z	light-use	all-core	202	54.6	49.0	20.979	3193.97	3200.00	5137.90	18.26	NA
2026-09-20T11:01:14Z	light-use	all-core	204	54.6	49.0	20.980	3194.01	3200.00	5137.90	18.26	NA
2026-09-20T11:01:16Z	light-use	all-core	206	54.8	49.0	21.132	3193.95	3200.00	5137.90	18.26	NA
2026-09-20T11:01:18Z	light-use	all-core	208	54.6	49.0	21.072	3194.01	3200.00	5137.90	18.24	NA
2026-09-20T11:01:20Z	light-use	all-core	210	54.6	49.0	21.074	3194.16	3200.00	5137.90	18.24	NA
2026-09-20T11:01:22Z	light-use	all-core	212	54.5	49.0	21.082	3193.95	3200.00	5137.90	18.38	NA
2026-09-20T11:01:25Z	light-use	all-core	214	54.5	49.0	21.154	3194.14	3200.00	5137.90	18.38	NA
2026-09-20T11:01:27Z	light-use	all-core	217	54.6	49.0	21.161	3194.04	3200.00	5137.90	18.35	NA
2026-09-20T11:01:29Z	light-use	all-core	219	54.5	48.0	21.065	3194.03	3200.00	5137.90	18.35	NA
2026-09-20T11:01:31Z	light-use	all-core	221	54.5	49.0	20.978	3194.07	3200.00	5137.90	18.35	NA
2026-09-20T11:01:33Z	light-use	all-core	223	54.4	49.0	21.021	3194.18	3200.00	5137.90	18.80	NA
2026-09-20T11:01:35Z	light-use	all-core	225	54.5	49.0	21.075	3194.15	3200.00	5137.90	18.80	NA
2026-09-20T11:01:37Z	light-use	all-core	227	54.5	49.0	21.236	3194.12	3200.00	5137.90	18.90	NA
2026-09-20T11:01:40Z	light-use	all-core	229	54.4	49.0	20.984	3193.99	3200.00	5137.90	18.90	NA
2026-09-20T11:01:42Z	light-use	all-core	232	54.4	48.0	20.984	3194.17	3200.00	5137.90	18.83	NA
2026-09-20T11:01:44Z	light-use	all-core	234	54.2	49.0	20.848	3194.16	3200.00	5137.90	18.83	NA
2026-09-20T11:01:46Z	light-use	all-core	236	54.2	49.0	20.945	3194.14	3200.00	5137.90	18.83	NA
2026-09-20T11:01:48Z	light-use	all-core	238	54.2	48.0	20.946	3194.12	3200.00	5137.90	18.76	NA
2026-09-20T11:01:50Z	light-use	all-core	240	54.1	49.0	20.941	3194.04	3200.00	5137.90	18.76	NA
2026-09-20T11:01:52Z	light-use	all-core	242	54.1	48.0	20.943	3194.16	3200.00	5137.90	18.70	NA
2026-09-20T11:01:55Z	light-use	all-core	245	54.2	48.0	21.198	3194.12	3200.00	5137.90	18.70	NA
2026-09-20T11:01:57Z	light-use	all-core	247	54.1	48.0	21.095	3194.15	3200.00	5137.90	18.56	NA
2026-09-20T11:01:59Z	light-use	all-core	249	54.2	48.0	21.149	3194.04	3200.00	5137.90	18.56	NA
2026-09-20T11:02:01Z	light-use	all-core	251	54.1	49.0	21.034	3194.11	3200.00	5137.90	18.56	NA
2026-09-20T11:02:03Z	light-use	all-core	253	54.1	48.0	20.939	3194.16	3200.00	5137.90	18.52	NA
2026-09-20T11:02:05Z	light-use	all-core	255	54.1	48.0	21.006	3194.14	3200.00	5137.90	18.52	NA
2026-09-20T11:02:08Z	light-use	all-core	257	54.1	48.0	21.005	3194.01	3200.00	5137.90	18.40	NA
2026-09-20T11:02:10Z	light-use	all-core	260	54.1	49.0	21.094	3194.16	3200.00	5137.90	18.40	NA
2026-09-20T11:02:12Z	light-use	all-core	262	54.1	48.0	21.074	3193.89	3200.00	5137.90	18.36	NA
2026-09-20T11:02:14Z	light-use	all-core	264	54.0	49.0	21.114	3194.10	3200.00	5137.90	18.36	NA
2026-09-20T11:02:16Z	light-use	all-core	266	54.0	48.0	21.041	3193.86	3200.00	5137.90	18.36	NA
2026-09-20T11:02:18Z	light-use	all-core	268	54.1	49.0	21.243	3194.06	3200.00	5137.90	18.25	NA
2026-09-20T11:02:20Z	light-use	all-core	270	54.2	48.0	21.348	3193.99	3200.00	5137.90	18.25	NA
2026-09-20T11:02:23Z	light-use	all-core	272	54.1	49.0	21.341	3194.12	3200.00	5137.90	18.47	NA
2026-09-20T11:02:25Z	light-use	all-core	275	54.1	48.0	21.228	3194.16	3200.00	5137.90	18.47	NA
2026-09-20T11:02:27Z	light-use	all-core	277	54.1	49.0	21.137	3194.15	3200.00	5137.90	18.68	NA
2026-09-20T11:02:29Z	light-use	all-core	279	54.1	48.0	21.310	3194.15	3200.00	5137.90	18.68	NA
2026-09-20T11:02:31Z	light-use	all-core	281	54.0	48.0	21.159	3194.14	3200.00	5137.90	18.68	NA
2026-09-20T11:02:33Z	light-use	all-core	283	54.0	48.0	21.027	3194.14	3200.00	5137.90	18.54	NA
2026-09-20T11:02:35Z	light-use	all-core	285	54.0	48.0	21.023	3193.95	3200.00	5137.90	18.54	NA
2026-09-20T11:02:38Z	light-use	all-core	287	53.9	48.0	21.161	3194.16	3200.00	5137.90	18.50	NA
2026-09-20T11:02:40Z	light-use	all-core	290	54.1	48.0	21.348	3194.16	3200.00	5137.90	18.50	NA
2026-09-20T11:02:42Z	light-use	all-core	292	54.0	48.0	21.507	3194.04	3200.00	5137.90	18.70	NA
2026-09-20T11:02:44Z	light-use	all-core	294	54.0	48.0	21.105	3194.17	3200.00	5137.90	18.70	NA
2026-09-20T11:02:46Z	light-use	all-core	296	53.9	48.0	21.109	3193.89	3200.00	5137.90	18.70	NA
2026-09-20T11:02:48Z	light-use	all-core	298	53.9	48.0	21.105	3194.14	3200.00	5137.90	18.72	NA
2026-09-20T11:02:50Z	light-use	all-core	300	54.0	48.0	21.338	3193.81	3200.00	5137.90	18.72	NA
2026-09-20T11:02:52Z	light-use	all-core	302	53.9	48.0	21.169	3194.10	3200.00	5137.90	18.67	NA
2026-09-20T11:02:55Z	light-use	all-core	304	53.8	48.0	21.174	3194.17	3200.00	5137.90	18.67	NA
2026-09-20T11:02:57Z	light-use	all-core	307	53.8	48.0	21.088	3193.91	3200.00	5137.90	18.61	NA
2026-09-20T11:02:59Z	light-use	all-core	309	53.8	48.0	21.260	3194.16	3200.00	5137.90	18.61	NA
2026-09-20T11:03:01Z	light-use	all-core	311	54.0	48.0	21.631	3194.04	3200.00	5137.90	18.61	NA
2026-09-20T11:03:03Z	light-use	all-core	313	53.9	48.0	21.298	3193.91	3200.00	5137.90	18.64	NA
2026-09-20T11:03:05Z	light-use	all-core	315	53.8	48.0	21.061	2696.97	3200.00	5137.90	18.64	NA
2026-09-20T11:03:07Z	light-use	all-core	317	53.6	48.0	21.021	3194.17	3200.00	5137.90	18.59	NA
2026-09-20T11:03:10Z	light-use	all-core	319	53.8	48.0	20.949	3194.10	3200.00	5137.90	18.59	NA
2026-09-20T11:03:12Z	light-use	all-core	322	53.9	48.0	21.103	3194.11	3200.00	5137.90	19.91	NA
2026-09-20T11:03:14Z	light-use	all-core	324	53.8	48.0	21.031	3193.92	3200.00	5137.90	19.91	NA
2026-09-20T11:03:16Z	light-use	all-core	326	53.6	48.0	20.854	3194.12	3200.00	5137.90	19.91	NA
2026-09-20T11:03:18Z	light-use	all-core	328	53.6	48.0	20.891	3194.16	3200.00	5137.90	19.83	NA
2026-09-20T11:03:20Z	light-use	all-core	330	53.5	48.0	20.957	3193.98	3200.00	5137.90	19.83	NA
2026-09-20T11:03:22Z	light-use	all-core	332	53.6	48.0	21.088	3194.17	3200.00	5137.90	20.25	NA
2026-09-20T11:03:25Z	light-use	all-core	334	53.5	48.0	21.021	3194.16	3200.00	5137.90	20.25	NA
2026-09-20T11:03:27Z	light-use	all-core	337	53.6	48.0	21.111	3194.08	3200.00	5137.90	20.15	NA
2026-09-20T11:03:29Z	light-use	all-core	339	53.5	48.0	21.029	3193.96	3200.00	5137.90	20.15	NA
2026-09-20T11:03:31Z	light-use	all-core	341	53.5	48.0	21.087	3194.16	3200.00	5137.90	20.15	NA
2026-09-20T11:03:33Z	light-use	all-core	343	53.6	48.0	21.229	3194.11	3200.00	5137.90	19.89	NA
2026-09-20T11:03:35Z	light-use	all-core	345	53.5	48.0	21.090	3194.02	3200.00	5137.90	19.89	NA
2026-09-20T11:03:37Z	light-use	all-core	347	53.5	48.0	21.103	3194.16	3200.00	5137.90	19.74	NA
2026-09-20T11:03:40Z	light-use	all-core	349	53.5	48.0	21.010	3194.12	3200.00	5137.90	19.74	NA
2026-09-20T11:03:42Z	light-use	all-core	352	53.5	48.0	20.875	3194.18	3200.00	5137.90	19.68	NA
2026-09-20T11:03:44Z	light-use	all-core	354	53.5	48.0	20.908	3194.18	3200.00	5137.90	19.68	NA
2026-09-20T11:03:46Z	light-use	all-core	356	53.5	48.0	21.103	3194.13	3200.00	5137.90	19.68	NA
2026-09-20T11:03:48Z	light-use	all-core	358	53.5	48.0	21.079	3194.07	3200.00	5137.90	19.71	NA
2026-09-20T11:03:50Z	light-use	all-core	360	53.4	48.0	20.901	3194.17	3200.00	5137.90	19.71	NA
2026-09-20T11:03:52Z	light-use	all-core	362	53.5	48.0	20.942	3194.17	3200.00	5137.90	19.73	NA
2026-09-20T11:03:55Z	light-use	all-core	364	53.5	48.0	20.889	3194.10	3200.00	5137.90	19.73	NA
2026-09-20T11:03:57Z	light-use	all-core	367	53.4	48.0	20.846	3194.14	3200.00	5137.90	19.51	NA
2026-09-20T11:03:59Z	light-use	all-core	369	53.4	48.0	20.796	3194.17	3200.00	5137.90	19.51	NA
2026-09-20T11:04:01Z	light-use	all-core	371	53.4	48.0	20.948	3194.15	3200.00	5137.90	19.51	NA
2026-09-20T11:04:03Z	light-use	all-core	373	53.4	48.0	20.893	3194.16	3200.00	5137.90	19.39	NA
2026-09-20T11:04:05Z	light-use	all-core	375	53.4	48.0	21.027	3194.16	3200.00	5137.90	19.39	NA
2026-09-20T11:04:08Z	light-use	all-core	377	53.4	48.0	20.996	3194.09	3200.00	5137.90	19.28	NA
2026-09-20T11:04:10Z	light-use	all-core	380	53.4	48.0	20.942	3194.09	3200.00	5137.90	19.28	NA
2026-09-20T11:04:12Z	light-use	all-core	382	53.4	48.0	21.020	3194.09	3200.00	5137.90	19.34	NA
2026-09-20T11:04:14Z	light-use	all-core	384	53.4	48.0	21.040	3193.97	3200.00	5137.90	19.34	NA
2026-09-20T11:04:16Z	light-use	all-core	386	53.5	48.0	21.279	3194.15	3200.00	5137.90	19.34	NA
2026-09-20T11:04:18Z	light-use	all-core	388	53.4	48.0	21.150	3194.16	3200.00	5137.90	19.15	NA
2026-09-20T11:04:20Z	light-use	all-core	390	53.5	48.0	21.120	3194.08	3200.00	5137.90	19.15	NA
2026-09-20T11:04:22Z	light-use	all-core	392	53.5	48.0	21.274	3194.16	3200.00	5137.90	18.98	NA
2026-09-20T11:04:25Z	light-use	all-core	394	53.5	48.0	21.195	3194.16	3200.00	5137.90	18.98	NA
2026-09-20T11:04:27Z	light-use	all-core	397	53.5	48.0	21.137	3194.11	3200.00	5137.90	18.90	NA
2026-09-20T11:04:29Z	light-use	all-core	399	53.4	48.0	20.966	3194.01	3200.00	5137.90	18.90	NA
2026-09-20T11:04:31Z	light-use	all-core	401	53.5	48.0	21.153	3194.15	3200.00	5137.90	18.90	NA
2026-09-20T11:04:33Z	light-use	all-core	403	53.4	48.0	21.057	3194.15	3200.00	5137.90	18.83	NA
2026-09-20T11:04:35Z	light-use	all-core	405	53.4	48.0	20.946	3194.15	3200.00	5137.90	18.83	NA
2026-09-20T11:04:37Z	light-use	all-core	407	53.4	48.0	21.126	3194.16	3200.00	5137.90	18.84	NA
2026-09-20T11:04:40Z	light-use	all-core	409	53.4	48.0	21.074	3194.15	3200.00	5137.90	18.84	NA
2026-09-20T11:04:42Z	light-use	all-core	412	53.4	48.0	21.113	3194.01	3200.00	5137.90	18.77	NA
2026-09-20T11:04:44Z	light-use	all-core	414	53.4	48.0	20.997	3194.15	3200.00	5137.90	18.77	NA
2026-09-20T11:04:46Z	light-use	all-core	416	53.4	48.0	21.037	3194.14	3200.00	5137.90	18.77	NA
2026-09-20T11:04:48Z	light-use	all-core	418	53.4	48.0	21.062	3194.15	3200.00	5137.90	18.63	NA
2026-09-20T11:04:50Z	light-use	all-core	420	53.4	48.0	21.068	3194.06	3200.00	5137.90	18.63	NA
2026-09-20T11:04:52Z	light-use	all-core	422	53.4	48.0	21.101	3194.16	3200.00	5137.90	18.58	NA
2026-09-20T11:04:55Z	light-use	all-core	425	53.4	48.0	21.035	3193.98	3200.00	5137.90	18.58	NA
2026-09-20T11:04:57Z	light-use	all-core	427	53.4	48.0	21.065	3194.06	3200.00	5137.90	18.69	NA
2026-09-20T11:04:59Z	light-use	all-core	429	53.4	48.0	21.085	3194.14	3200.00	5137.90	18.69	NA
2026-09-20T11:05:01Z	light-use	all-core	431	53.4	48.0	20.979	3194.16	3200.00	5137.90	18.69	NA
2026-09-20T11:05:03Z	light-use	all-core	433	53.2	48.0	21.030	3194.15	3200.00	5137.90	18.56	NA
2026-09-20T11:05:05Z	light-use	all-core	435	53.2	48.0	21.076	3194.11	3200.00	5137.90	18.56	NA
2026-09-20T11:05:08Z	light-use	all-core	437	53.4	48.0	21.044	3194.09	3200.00	5137.90	18.51	NA
2026-09-20T11:05:10Z	light-use	all-core	440	53.4	48.0	21.125	3194.16	3200.00	5137.90	18.51	NA
2026-09-20T11:05:12Z	light-use	all-core	442	53.4	48.0	21.098	3194.16	3200.00	5137.90	18.39	NA
2026-09-20T11:05:14Z	light-use	all-core	444	53.4	48.0	21.308	3194.15	3200.00	5137.90	18.39	NA
2026-09-20T11:05:16Z	light-use	all-core	446	53.4	48.0	21.245	3194.11	3200.00	5137.90	18.39	NA
2026-09-20T11:05:18Z	light-use	all-core	448	53.6	48.0	21.509	2866.82	3200.00	5137.90	18.44	NA
2026-09-20T11:05:20Z	light-use	all-core	450	53.2	48.0	21.306	2962.06	3200.00	5137.90	18.44	NA
2026-09-20T11:05:23Z	light-use	all-core	452	53.4	48.0	21.093	3194.16	3200.00	5137.90	18.33	NA
2026-09-20T11:05:25Z	light-use	all-core	455	53.4	48.0	21.199	3194.14	3200.00	5137.90	18.33	NA
2026-09-20T11:05:27Z	light-use	all-core	457	53.4	48.0	21.537	3194.15	3200.00	5137.90	18.30	NA
2026-09-20T11:05:29Z	light-use	all-core	459	53.1	48.0	21.246	3087.99	3200.00	5137.90	18.30	NA
2026-09-20T11:05:31Z	light-use	all-core	461	53.1	48.0	21.102	3194.15	3200.00	5137.90	18.30	NA
2026-09-20T11:05:33Z	light-use	all-core	463	53.2	48.0	21.188	3194.12	3200.00	5137.90	18.27	NA
2026-09-20T11:05:35Z	light-use	all-core	465	53.4	48.0	21.295	3194.17	3200.00	5137.90	18.27	NA
2026-09-20T11:05:37Z	light-use	all-core	467	53.4	48.0	20.994	3194.02	3200.00	5137.90	18.17	NA
2026-09-20T11:05:40Z	light-use	all-core	469	53.5	48.0	21.345	3145.85	3200.00	5137.90	18.17	NA
2026-09-20T11:05:42Z	light-use	all-core	472	53.4	48.0	21.087	3194.15	3200.00	5137.90	18.24	NA
2026-09-20T11:05:44Z	light-use	all-core	474	53.4	48.0	20.958	3194.15	3200.00	5137.90	18.24	NA
2026-09-20T11:05:46Z	light-use	all-core	476	53.4	48.0	21.029	3194.17	3200.00	5137.90	18.24	NA
2026-09-20T11:05:48Z	light-use	all-core	478	53.4	48.0	20.975	3194.15	3200.00	5137.90	18.22	NA
2026-09-20T11:05:50Z	light-use	all-core	480	53.1	46.0	19.133	1306.22	3200.00	5137.90	18.22	NA
2026-09-20T11:05:50Z	light-use	cooldown-after	0	53.0	46.0	18.622	1973.15	3200.00	5137.90	18.22	NA
