timestamp_utc,phase,elapsed_s,tctl_c,cpu_ppt_w,gpu_ppt_w,fan_rpm,freq_now_avg_all_mhz,freq_now_max_any_mhz,freq_hw_avg_all_mhz,freq_hw_max_any_mhz,freq_now_min_any_mhz,cpu0_now_mhz,cpu0_hw_avg_mhz,active_now_mhz,active_hw_avg_mhz,phase_peak_now_mhz,phase_peak_hw_avg_mhz,policy_max_mhz,hardware_max_mhz,cpu_util_pct,load1,mem_used_pct,thermal_throttle_count,bottleneck,stress_pid
2026-08-27T07:20:58Z,one_core,0,47.6,NA,28.20,0,3231.7,4791.1,3464.3,4791.2,1101.0,4791.1,4791.2,4791.1,4791.2,4791.1,4791.2,5137.9,5137.9,NA,1.84,11.2,NA,none,44
2026-08-27T07:21:01Z,one_core,2,61.4,NA,39.06,0,2938.4,4791.2,2766.9,4790.7,1101.0,4791.2,4790.7,4791.2,4790.7,4791.2,4791.2,5137.9,5137.9,8.5,1.84,11.2,NA,none,44
2026-08-27T07:21:03Z,one_core,5,64.2,NA,25.70,0,3565.5,4791.0,3760.0,4791.0,1101.0,4791.0,4791.0,4791.0,4791.0,4791.2,4791.2,5137.9,5137.9,9.4,1.93,11.2,NA,none,44
2026-08-27T07:21:05Z,one_core,7,64.9,NA,24.07,0,3251.3,4791.1,3317.8,4791.2,1101.0,4791.1,4791.2,4791.1,4791.2,4791.2,4791.2,5137.9,5137.9,8.2,1.93,11.2,NA,none,44
2026-08-27T07:21:07Z,one_core,9,65.6,NA,40.65,0,3371.9,4791.2,3326.4,4792.1,1101.0,4791.2,4752.1,4791.2,4752.1,4791.2,4791.2,5137.9,5137.9,8.6,1.94,11.2,NA,none,44
2026-08-27T07:21:10Z,one_core,11,65.6,NA,25.64,0,3317.9,4791.2,3046.1,4772.2,1101.0,4791.2,4749.8,4791.2,4749.8,4791.2,4791.2,5137.9,5137.9,8.2,1.94,11.2,NA,none,44
2026-08-27T07:21:12Z,one_core,14,65.8,NA,43.59,0,3221.4,4766.0,3142.1,4791.2,1101.0,4766.0,4791.2,4766.0,4791.2,4791.2,4791.2,5137.9,5137.9,8.1,1.86,11.2,NA,none,44
2026-08-27T07:21:14Z,one_core,16,66.0,NA,27.19,0,3336.8,4766.2,3451.2,4766.3,1101.0,4766.2,4766.3,4766.2,4766.3,4791.2,4791.2,5137.9,5137.9,9.1,1.86,11.2,NA,none,44
2026-08-27T07:21:16Z,one_core,18,66.0,NA,24.36,0,3263.3,4773.9,3004.1,4773.9,1101.0,4765.4,4766.3,4765.4,4766.3,4791.2,4791.2,5137.9,5137.9,7.9,1.86,11.1,NA,none,44
2026-08-27T07:21:18Z,one_core,20,66.2,NA,25.17,0,3052.4,4767.8,3152.6,4772.3,1101.0,4767.8,4768.0,4767.8,4768.0,4791.2,4791.2,5137.9,5137.9,8.6,1.80,11.1,NA,none,44
2026-08-27T07:21:21Z,one_core,22,66.2,NA,24.21,0,3132.0,4766.3,3340.0,4766.4,1101.0,4766.3,4765.3,4766.3,4765.3,4791.2,4791.2,5137.9,5137.9,8.2,1.80,11.1,NA,none,44
2026-08-27T07:21:23Z,one_core,25,66.8,NA,24.95,0,3338.8,4766.2,3338.0,4766.2,1101.0,4766.2,4766.2,4766.2,4766.2,4791.2,4791.2,5137.9,5137.9,8.8,1.73,11.1,NA,none,44
2026-08-27T07:21:25Z,one_core,27,66.6,NA,25.16,0,3184.0,4766.2,2970.0,4766.3,1101.0,4766.2,4766.3,4766.2,4766.3,4791.2,4791.2,5137.9,5137.9,8.3,1.73,11.1,NA,none,44
2026-08-27T07:21:27Z,one_core,29,66.6,NA,33.71,0,2976.8,4766.5,2903.9,4766.2,1101.0,4766.3,4766.2,4766.3,4766.2,4791.2,4791.2,5137.9,5137.9,8.0,1.75,11.1,NA,none,44
2026-08-27T07:21:30Z,one_core,31,67.0,NA,25.98,0,3218.6,4766.3,2843.1,4766.3,1101.0,4766.3,4766.3,4766.3,4766.3,4791.2,4791.2,5137.9,5137.9,8.7,1.75,11.2,NA,none,44
2026-08-27T07:21:32Z,one_core,34,67.1,NA,25.40,0,4235.1,4767.0,4031.5,4765.8,1101.0,4766.1,4765.8,4766.1,4765.8,4791.2,4791.2,5137.9,5137.9,8.8,1.69,11.2,NA,none,44
2026-08-27T07:21:34Z,one_core,36,67.5,NA,27.77,0,3794.1,4765.7,3521.2,4772.1,1101.0,4765.6,4766.2,4765.6,4766.2,4791.2,4791.2,5137.9,5137.9,9.2,1.69,11.1,NA,none,44
2026-08-27T07:21:36Z,one_core,38,67.6,NA,24.80,0,3082.7,4766.2,2974.6,4769.9,1101.0,4766.2,4766.3,4766.2,4766.3,4791.2,4791.2,5137.9,5137.9,8.1,1.69,11.1,NA,none,44
2026-08-27T07:21:39Z,one_core,40,67.6,NA,38.80,0,3340.4,4771.7,3313.8,4766.1,1101.0,4766.2,4766.1,4766.2,4766.1,4791.2,4791.2,5137.9,5137.9,8.6,1.80,11.2,NA,none,44
2026-08-27T07:21:41Z,one_core,43,67.6,NA,25.77,0,2761.7,4766.3,2674.9,4766.3,1101.0,4766.3,4766.3,4766.3,4766.3,4791.2,4791.2,5137.9,5137.9,8.3,1.80,11.2,NA,none,44
2026-08-27T07:21:43Z,one_core,45,68.0,NA,24.49,0,3240.3,4766.3,3121.9,4766.2,1101.0,4766.3,4765.6,4766.3,4765.6,4791.2,4791.2,5137.9,5137.9,8.7,1.73,11.2,NA,none,44
2026-08-27T07:21:45Z,one_core,47,68.1,NA,27.22,0,3085.9,4772.2,3353.1,4766.3,1101.0,4766.2,4766.3,4766.2,4766.3,4791.2,4791.2,5137.9,5137.9,8.3,1.73,11.2,NA,none,44
2026-08-27T07:21:48Z,one_core,49,68.1,NA,27.32,0,3027.7,4766.3,3128.5,4766.3,1101.0,4766.3,4766.3,4766.3,4766.3,4791.2,4791.2,5137.9,5137.9,8.0,1.76,11.1,NA,none,44
2026-08-27T07:21:50Z,one_core,52,68.2,NA,26.70,0,3102.7,4771.7,3067.9,4766.2,1101.0,4766.2,4766.2,4766.2,4766.2,4791.2,4791.2,5137.9,5137.9,8.8,1.76,11.1,NA,none,44
2026-08-27T07:21:52Z,one_core,54,68.2,NA,27.07,0,2787.6,4766.3,3050.2,4766.3,1101.0,4766.3,4766.3,4766.3,4766.3,4791.2,4791.2,5137.9,5137.9,8.2,1.78,11.1,NA,none,44
2026-08-27T07:21:54Z,one_core,56,68.4,NA,35.56,0,3211.9,4765.9,3241.5,4766.3,1101.0,4765.9,4766.3,4765.9,4766.3,4791.2,4791.2,5137.9,5137.9,8.7,1.78,11.1,NA,none,44
2026-08-27T07:21:57Z,one_core,58,68.1,NA,25.72,0,3076.6,4770.8,3145.6,4767.2,1101.0,4766.4,4766.3,4766.4,4766.3,4791.2,4791.2,5137.9,5137.9,8.3,1.79,11.1,NA,none,44
2026-08-27T07:21:59Z,one_core,61,68.2,NA,40.06,0,3074.1,4766.3,3026.4,4766.3,1101.0,4766.3,4766.2,4766.3,4766.2,4791.2,4791.2,5137.9,5137.9,8.3,1.79,11.2,NA,none,44
2026-08-27T07:22:01Z,one_core,63,68.4,NA,25.96,0,4050.6,4766.1,3799.8,4766.2,1101.0,4766.1,4766.2,4766.1,4766.2,4791.2,4791.2,5137.9,5137.9,8.9,1.79,11.2,NA,none,44
2026-08-27T07:22:03Z,one_core,65,68.9,NA,26.77,0,2976.7,4766.3,3118.5,4766.2,1101.0,4766.3,4766.2,4766.3,4766.2,4791.2,4791.2,5137.9,5137.9,9.2,1.73,11.2,NA,none,44
2026-08-27T07:22:05Z,one_core,67,68.9,NA,24.24,0,3755.6,4766.3,3403.6,4766.3,1101.0,4766.3,4766.3,4766.3,4766.3,4791.2,4791.2,5137.9,5137.9,8.3,1.73,11.2,NA,none,44
2026-08-27T07:22:08Z,one_core,69,68.8,NA,25.97,0,3304.7,4766.1,3101.3,4766.3,1101.0,4766.1,4766.3,4766.1,4766.3,4791.2,4791.2,5137.9,5137.9,8.0,1.75,11.1,NA,none,44
2026-08-27T07:22:10Z,one_core,72,69.0,NA,27.68,0,3198.8,4766.2,3382.8,4767.0,1101.0,4766.2,4766.3,4766.2,4766.3,4791.2,4791.2,5137.9,5137.9,8.9,1.75,11.1,NA,none,44
2026-08-27T07:22:12Z,one_core,74,68.9,NA,37.04,0,3280.2,4769.9,3496.9,4766.2,1101.0,4766.2,4766.2,4766.2,4766.2,4791.2,4791.2,5137.9,5137.9,8.4,1.77,11.2,NA,none,44
2026-08-27T07:22:14Z,one_core,76,69.1,NA,28.27,0,3339.5,4766.0,3088.4,4766.7,1101.0,4766.0,4766.3,4766.0,4766.3,4791.2,4791.2,5137.9,5137.9,8.8,1.77,11.2,NA,none,44
2026-08-27T07:22:17Z,one_core,78,69.0,NA,26.03,0,3305.9,4770.9,3217.0,4766.3,1101.0,4766.2,4766.3,4766.2,4766.3,4791.2,4791.2,5137.9,5137.9,8.3,1.79,11.2,NA,none,44
2026-08-27T07:22:19Z,one_core,81,68.9,NA,25.86,0,3267.7,4766.3,3076.3,4766.3,1101.0,4766.2,4766.3,4766.2,4766.3,4791.2,4791.2,5137.9,5137.9,8.1,1.79,11.2,NA,none,44
2026-08-27T07:22:21Z,one_core,83,69.4,NA,35.62,0,3683.1,4741.0,3503.4,4741.0,1101.0,4741.0,4741.0,4741.0,4741.0,4791.2,4791.2,5137.9,5137.9,10.6,1.79,11.3,NA,none,44
2026-08-27T07:22:23Z,one_core,85,70.2,NA,24.68,0,2683.0,4741.2,2844.0,4766.3,1101.0,4739.2,4766.3,4739.2,4766.3,4791.2,4791.2,5137.9,5137.9,12.5,1.81,11.3,NA,none,44
2026-08-27T07:22:26Z,one_core,87,69.8,NA,26.03,0,3077.1,4766.2,3010.7,4766.3,1101.0,4766.2,4766.3,4766.2,4766.3,4791.2,4791.2,5137.9,5137.9,8.1,1.81,11.2,NA,none,44
2026-08-27T07:22:28Z,one_core,90,69.6,NA,26.65,0,3571.2,4769.7,3376.1,4766.3,1101.0,4766.3,4766.3,4766.3,4766.3,4791.2,4791.2,5137.9,5137.9,8.1,1.82,11.2,NA,none,44
2026-08-27T07:22:30Z,one_core,92,69.4,NA,50.16,0,3493.6,4758.9,3841.7,4758.9,1101.0,4729.3,4741.9,4729.3,4741.9,4791.2,4791.2,5137.9,5137.9,9.0,1.82,11.2,NA,none,44
2026-08-27T07:22:32Z,one_core,94,69.9,NA,39.89,0,3498.0,4745.2,3588.1,4766.3,1101.0,4745.2,4766.3,4745.2,4766.3,4791.2,4791.2,5137.9,5137.9,9.9,1.84,11.2,NA,none,44
2026-08-27T07:22:35Z,one_core,96,70.2,NA,26.45,0,3225.5,4766.2,3528.5,4766.3,1101.0,4766.2,4766.3,4766.2,4766.3,4791.2,4791.2,5137.9,5137.9,9.8,1.84,10.9,NA,none,44
2026-08-27T07:22:37Z,one_core,99,70.1,NA,30.02,0,3517.2,4766.1,3051.7,4765.5,1101.0,4766.1,4765.5,4766.1,4765.5,4791.2,4791.2,5137.9,5137.9,8.4,1.85,10.9,NA,none,44
2026-08-27T07:22:39Z,one_core,101,70.0,NA,25.58,0,3208.3,4766.2,2963.4,4749.5,1101.0,4766.2,4741.3,4766.2,4741.3,4791.2,4791.2,5137.9,5137.9,8.1,1.85,10.9,NA,none,44
2026-08-27T07:22:41Z,one_core,103,70.1,NA,28.82,0,2623.1,4766.2,2820.5,4766.3,1101.0,4766.2,4766.3,4766.2,4766.3,4791.2,4791.2,5137.9,5137.9,8.7,1.85,10.9,NA,none,44
2026-08-27T07:22:44Z,one_core,105,70.0,NA,27.16,0,3729.4,4741.0,3854.0,4742.4,1101.0,4740.8,4741.0,4740.8,4741.0,4791.2,4791.2,5137.9,5137.9,8.7,1.86,10.9,NA,none,44
2026-08-27T07:22:46Z,one_core,108,70.1,NA,25.77,0,3220.3,4766.3,2731.6,4766.2,1101.0,4766.3,4766.2,4766.3,4766.2,4791.2,4791.2,5137.9,5137.9,8.1,1.86,10.9,NA,none,44
2026-08-27T07:22:48Z,one_core,110,70.0,NA,28.02,0,3234.2,4768.4,3478.0,4768.4,1101.0,4766.1,4766.3,4766.1,4766.3,4791.2,4791.2,5137.9,5137.9,7.9,1.79,10.9,NA,none,44
2026-08-27T07:22:50Z,one_core,112,69.9,NA,25.62,0,3039.0,4766.2,3370.5,4766.2,1101.0,4766.2,4766.2,4766.2,4766.2,4791.2,4791.2,5137.9,5137.9,8.1,1.79,10.9,NA,none,44
2026-08-27T07:22:52Z,one_core,114,69.9,NA,25.55,0,2845.1,4775.5,2673.4,4766.1,1101.0,4766.2,4766.1,4766.2,4766.1,4791.2,4791.2,5137.9,5137.9,8.5,1.73,10.9,NA,none,44
2026-08-27T07:22:55Z,one_core,116,70.0,NA,25.91,0,3039.7,4765.7,3305.4,4768.3,1101.0,4765.7,4766.3,4765.7,4766.3,4791.2,4791.2,5137.9,5137.9,8.7,1.73,11.0,NA,none,44
2026-08-27T07:22:57Z,one_core,119,69.9,NA,27.94,0,3198.0,4766.3,3225.1,4766.3,1101.0,4766.3,4766.3,4766.3,4766.3,4791.2,4791.2,5137.9,5137.9,8.1,1.83,11.0,NA,none,44
2026-08-27T07:22:59Z,one_core,121,69.9,NA,26.24,0,3682.9,4766.2,3797.9,4766.2,1101.0,4766.2,4766.2,4766.2,4766.2,4791.2,4791.2,5137.9,5137.9,8.3,1.83,10.9,NA,none,44
2026-08-27T07:23:01Z,one_core,123,70.0,NA,26.36,0,3215.1,4741.4,3159.8,4741.3,1101.0,4741.0,4741.3,4741.0,4741.3,4791.2,4791.2,5137.9,5137.9,8.9,1.83,11.0,NA,none,44
2026-08-27T07:23:04Z,one_core,125,70.0,NA,28.51,0,3085.2,4766.3,2823.0,4755.4,1101.0,4766.3,4730.4,4766.3,4730.4,4791.2,4791.2,5137.9,5137.9,8.4,1.85,11.0,NA,none,44
2026-08-27T07:23:06Z,one_core,128,70.1,NA,25.38,0,3100.9,4766.3,3015.5,4766.3,1101.0,4766.2,4766.3,4766.2,4766.3,4791.2,4791.2,5137.9,5137.9,8.8,1.85,11.0,NA,none,44
2026-08-27T07:23:08Z,one_core,130,69.9,NA,24.31,0,3173.4,4766.3,2842.3,4766.1,1101.0,4766.3,4766.1,4766.3,4766.1,4791.2,4791.2,5137.9,5137.9,8.0,1.86,10.9,NA,none,44
2026-08-27T07:23:10Z,one_core,132,69.8,NA,29.97,0,3503.9,4766.2,3375.7,4769.3,1101.0,4766.2,4766.3,4766.2,4766.3,4791.2,4791.2,5137.9,5137.9,8.2,1.86,10.9,NA,none,44
2026-08-27T07:23:13Z,one_core,134,70.0,NA,33.30,0,3390.3,4766.2,3276.0,4766.3,1101.0,4766.2,4766.3,4766.2,4766.3,4791.2,4791.2,5137.9,5137.9,8.5,1.95,11.0,NA,none,44
2026-08-27T07:23:15Z,one_core,137,70.1,NA,40.09,0,3440.5,4766.3,3760.6,4766.2,1101.0,4766.3,4766.2,4766.3,4766.2,4791.2,4791.2,5137.9,5137.9,8.9,1.95,11.0,NA,none,44
2026-08-27T07:23:17Z,one_core,139,70.0,NA,24.48,0,3046.5,4766.3,2873.0,4766.3,1101.0,4766.3,4766.3,4766.3,4766.3,4791.2,4791.2,5137.9,5137.9,8.3,1.95,11.0,NA,none,44
2026-08-27T07:23:19Z,one_core,141,69.8,NA,24.12,0,3485.5,4766.2,3302.3,4765.8,1101.0,4766.2,4765.8,4766.2,4765.8,4791.2,4791.2,5137.9,5137.9,8.1,1.95,11.0,NA,none,44
2026-08-27T07:23:22Z,one_core,143,69.8,NA,25.34,0,3090.6,4766.3,3078.3,4766.3,1101.0,4766.3,4766.3,4766.3,4766.3,4791.2,4791.2,5137.9,5137.9,8.7,2.04,10.9,NA,none,44
2026-08-27T07:23:24Z,one_core,146,69.8,NA,25.83,0,3478.4,4766.1,3569.9,4766.0,1101.0,4766.1,4766.0,4766.1,4766.0,4791.2,4791.2,5137.9,5137.9,8.8,2.04,11.0,NA,none,44
2026-08-27T07:23:26Z,one_core,148,69.9,NA,26.04,0,2744.2,4766.2,2817.7,4766.3,1101.0,4766.2,4766.3,4766.2,4766.3,4791.2,4791.2,5137.9,5137.9,8.9,2.04,11.0,NA,none,44
2026-08-27T07:23:28Z,one_core,150,69.8,NA,25.91,0,3972.7,4765.4,3994.5,4766.1,1101.0,4765.4,4766.1,4765.4,4766.1,4791.2,4791.2,5137.9,5137.9,8.5,1.95,11.0,NA,none,44
2026-08-27T07:23:30Z,one_core,152,69.8,NA,25.69,0,2933.3,4766.3,2614.2,4757.1,1101.0,4766.3,4741.2,4766.3,4741.2,4791.2,4791.2,5137.9,5137.9,8.0,1.95,11.0,NA,none,44
2026-08-27T07:23:33Z,one_core,154,69.9,NA,26.76,0,3407.8,4766.3,3188.7,4766.3,1101.0,4766.3,4766.3,4766.3,4766.3,4791.2,4791.2,5137.9,5137.9,9.1,1.96,10.9,NA,none,44
2026-08-27T07:23:35Z,one_core,157,70.0,NA,24.21,0,3084.2,4766.3,3344.9,4766.2,1101.0,4766.3,4766.2,4766.3,4766.2,4791.2,4791.2,5137.9,5137.9,8.9,1.96,10.9,NA,none,44
2026-08-27T07:23:37Z,one_core,159,69.9,NA,25.71,0,2690.6,4765.6,3171.0,4766.3,1101.0,4765.6,4766.3,4765.6,4766.3,4791.2,4791.2,5137.9,5137.9,8.2,1.96,11.0,NA,none,44
2026-08-27T07:23:39Z,one_core,161,69.8,NA,25.35,0,3595.1,4766.2,3463.3,4766.5,1101.0,4766.2,4766.3,4766.2,4766.3,4791.2,4791.2,5137.9,5137.9,8.1,1.96,10.9,NA,none,44
2026-08-27T07:23:42Z,one_core,163,69.8,NA,38.59,0,3081.5,4767.8,2978.9,4765.7,1101.0,4766.3,4765.7,4766.3,4765.7,4791.2,4791.2,5137.9,5137.9,8.2,1.97,10.9,NA,none,44
2026-08-27T07:23:44Z,one_core,166,69.9,NA,25.84,0,3035.9,4766.3,2991.3,4766.2,1101.0,4766.2,4766.2,4766.2,4766.2,4791.2,4791.2,5137.9,5137.9,8.5,1.97,11.0,NA,none,44
2026-08-27T07:23:46Z,one_core,168,70.0,NA,25.44,0,3195.1,4766.0,3108.5,4765.1,1101.0,4766.0,4765.1,4766.0,4765.1,4791.2,4791.2,5137.9,5137.9,9.1,1.97,11.0,NA,none,44
2026-08-27T07:23:48Z,one_core,170,69.9,NA,26.82,0,3341.8,4766.2,3327.3,4765.9,1101.0,4766.2,4765.9,4766.2,4765.9,4791.2,4791.2,5137.9,5137.9,8.1,1.97,11.0,NA,none,44
2026-08-27T07:23:51Z,one_core,172,69.9,NA,26.16,0,3495.5,4766.6,3008.0,4770.0,1101.0,4766.3,4766.3,4766.3,4766.3,4791.2,4791.2,5137.9,5137.9,8.0,1.97,11.0,NA,none,44
2026-08-27T07:23:53Z,one_core,175,69.9,NA,26.46,0,3216.4,4766.3,2802.1,4765.3,1101.0,4766.3,4765.3,4766.3,4765.3,4791.2,4791.2,5137.9,5137.9,8.2,1.89,10.9,NA,none,44
2026-08-27T07:23:55Z,one_core,177,70.0,NA,26.27,0,3078.6,4766.3,2946.9,4766.2,1101.0,4766.3,4766.2,4766.3,4766.2,4791.2,4791.2,5137.9,5137.9,9.1,1.89,10.9,NA,none,44
2026-08-27T07:23:57Z,one_core,179,69.8,NA,32.65,0,3864.1,4766.2,3989.5,4766.3,1101.0,4766.2,4766.3,4766.2,4766.3,4791.2,4791.2,5137.9,5137.9,8.7,1.82,10.9,NA,none,44
2026-08-27T07:24:00Z,cooldown,0,63.2,NA,21.85,0,2990.2,4808.1,2791.9,4813.3,1101.0,3201.0,4802.1,2990.2,2791.9,2990.2,2791.9,5137.9,5137.9,NA,1.82,10.9,NA,none,NA
2026-08-27T07:24:02Z,cooldown,3,56.6,NA,19.39,0,2442.0,4806.8,2647.4,4816.1,1101.0,3212.3,3210.6,2442.0,2647.4,2990.2,2791.9,5137.9,5137.9,2.3,1.67,10.9,NA,none,NA
2026-08-27T07:24:04Z,cooldown,5,54.8,NA,20.29,0,2917.7,4827.8,2861.4,4754.0,1101.0,3224.2,3855.6,2917.7,2861.4,2990.2,2861.4,5137.9,5137.9,2.8,1.67,10.9,NA,none,NA
2026-08-27T07:24:06Z,cooldown,7,53.1,NA,19.70,0,3377.2,4815.3,3210.6,4816.5,1101.0,4279.2,3548.8,3377.2,3210.6,3377.2,3210.6,5137.9,5137.9,2.9,1.67,10.9,NA,none,NA
2026-08-27T07:24:09Z,cooldown,9,51.9,NA,19.89,0,3322.0,4822.3,3125.0,4800.6,1101.0,3366.0,3366.0,3322.0,3125.0,3377.2,3210.6,5137.9,5137.9,2.3,1.62,11.0,NA,none,NA
2026-08-27T07:24:11Z,cooldown,12,51.1,NA,34.65,0,2814.1,4806.7,2803.5,4694.2,1101.0,1101.0,1101.0,2814.1,2803.5,3377.2,3210.6,5137.9,5137.9,2.0,1.62,10.9,NA,none,NA
2026-08-27T07:24:13Z,cooldown,14,50.9,NA,20.01,0,3048.1,4814.8,2639.8,3989.8,1101.0,4814.8,3572.8,3048.1,2639.8,3377.2,3210.6,5137.9,5137.9,2.3,1.49,10.9,NA,none,NA
2026-08-27T07:24:15Z,cooldown,16,52.1,NA,21.54,0,3203.1,4841.0,2811.7,4817.8,1101.0,4841.0,4817.8,3203.1,2811.7,3377.2,3210.6,5137.9,5137.9,3.2,1.49,10.9,NA,none,NA
2026-08-27T07:24:17Z,cooldown,18,50.8,NA,20.49,0,3331.1,4675.3,3241.2,4813.7,1101.0,1101.0,1101.0,3331.1,3241.2,3377.2,3241.2,5137.9,5137.9,2.2,1.37,10.9,NA,none,NA
2026-08-27T07:24:20Z,cooldown,20,50.0,NA,24.39,0,3287.1,4841.1,2895.0,4839.6,1101.0,1101.0,1101.0,3287.1,2895.0,3377.2,3241.2,5137.9,5137.9,2.0,1.37,11.0,NA,none,NA
2026-08-27T07:24:22Z,cooldown,23,49.8,NA,20.13,0,2548.3,4842.7,2608.5,4816.1,1101.0,1101.0,1101.0,2548.3,2608.5,3377.2,3241.2,5137.9,5137.9,2.2,1.26,11.0,NA,none,NA
2026-08-27T07:24:24Z,cooldown,25,49.2,NA,31.13,0,3027.2,4810.4,3076.1,4814.5,1101.0,1101.0,3563.4,3027.2,3076.1,3377.2,3241.2,5137.9,5137.9,2.0,1.26,11.0,NA,none,NA
2026-08-27T07:24:26Z,cooldown,27,50.1,NA,33.20,0,4001.3,4834.2,3710.6,4814.0,1101.0,1101.0,1101.0,4001.3,3710.6,4001.3,3710.6,5137.9,5137.9,3.8,1.26,10.9,NA,none,NA
2026-08-27T07:24:29Z,cooldown,29,49.4,NA,26.06,0,3270.8,4822.0,3283.7,4839.6,1101.0,4592.8,4830.9,3270.8,3283.7,4001.3,3710.6,5137.9,5137.9,2.0,1.16,11.0,NA,none,NA
2026-08-27T07:24:31Z,cooldown,32,49.0,NA,19.03,0,3254.6,4839.4,2944.8,4777.4,1101.0,3557.2,3227.5,3254.6,2944.8,4001.3,3710.6,5137.9,5137.9,2.0,1.16,11.0,NA,none,NA
2026-08-27T07:24:34Z,all_core,0,48.9,NA,64.19,0,4642.1,4716.4,4650.0,4691.5,4454.4,4666.5,4647.0,4642.1,4650.0,4642.1,4650.0,5137.9,5137.9,NA,1.07,11.1,NA,none,14586
2026-08-27T07:24:36Z,all_core,3,77.0,NA,56.04,0,4641.9,4666.5,4637.2,4666.5,4466.8,4666.5,4657.7,4641.9,4637.2,4642.1,4650.0,5137.9,5137.9,100.0,1.07,11.2,NA,none,14586
2026-08-27T07:24:39Z,all_core,5,82.4,NA,60.21,0,4633.2,4644.4,4633.2,4641.5,4582.6,4641.5,4641.5,4633.2,4633.2,4642.1,4650.0,5137.9,5137.9,100.0,2.34,11.1,NA,none,14586
2026-08-27T07:24:42Z,all_core,8,85.4,NA,61.66,0,4563.8,4641.5,4554.7,4641.5,4476.8,4641.1,4641.5,4563.8,4554.7,4642.1,4650.0,5137.9,5137.9,100.0,3.68,11.1,NA,none,14586
2026-08-27T07:24:44Z,all_core,11,86.9,NA,57.57,0,4564.8,4616.6,4575.2,4616.5,4491.9,4615.9,4616.1,4564.8,4575.2,4642.1,4650.0,5137.9,5137.9,100.0,3.68,11.1,NA,none,14586
2026-08-27T07:24:47Z,all_core,13,88.6,NA,58.00,0,4510.8,4541.9,4512.0,4566.7,4455.9,4490.1,4466.7,4510.8,4512.0,4642.1,4650.0,5137.9,5137.9,100.0,4.98,11.1,NA,none,14586
2026-08-27T07:24:50Z,all_core,16,88.0,NA,0.52,0,4525.1,4566.7,4535.9,4591.7,4466.6,4547.3,4516.5,4525.1,4535.9,4642.1,4650.0,5137.9,5137.9,100.0,4.98,11.1,NA,none,14586
2026-08-27T07:24:53Z,all_core,19,88.9,NA,59.04,0,4524.3,4591.6,4525.6,4566.7,4464.1,4515.8,4516.7,4524.3,4525.6,4642.1,4650.0,5137.9,5137.9,100.0,6.11,11.0,NA,none,14586
2026-08-27T07:24:55Z,all_core,22,89.4,NA,56.58,0,4516.5,4541.7,4525.5,4566.4,4441.9,4541.5,4516.6,4516.5,4525.5,4642.1,4650.0,5137.9,5137.9,100.0,6.11,11.1,NA,none,14586
2026-08-27T07:24:58Z,all_core,24,89.8,NA,51.95,0,4519.6,4566.7,4522.9,4566.7,4466.6,4566.7,4541.7,4519.6,4522.9,4642.1,4650.0,5137.9,5137.9,100.0,7.06,11.0,NA,none,14586
2026-08-27T07:25:01Z,all_core,27,90.1,NA,62.34,0,4526.5,4566.7,4535.6,4566.7,4480.3,4541.7,4491.6,4526.5,4535.6,4642.1,4650.0,5137.9,5137.9,100.0,7.06,11.0,NA,none,14586
2026-08-27T07:25:04Z,all_core,30,90.2,NA,57.26,0,4521.0,4566.6,4524.8,4566.4,4463.6,4491.8,4490.9,4521.0,4524.8,4642.1,4650.0,5137.9,5137.9,100.0,7.93,11.0,NA,none,14586
2026-08-27T07:25:07Z,all_core,33,90.5,NA,58.81,0,4479.1,4541.4,4480.9,4538.9,4441.6,4541.4,4494.6,4479.1,4480.9,4642.1,4650.0,5137.9,5137.9,100.0,8.90,11.0,NA,none,14586
2026-08-27T07:25:09Z,all_core,36,90.8,NA,59.27,0,4539.1,4566.7,4556.9,4591.7,4466.9,4541.2,4541.6,4539.1,4556.9,4642.1,4650.0,5137.9,5137.9,100.0,8.90,11.1,NA,none,14586
2026-08-27T07:25:12Z,all_core,38,91.1,NA,59.31,0,4535.3,4591.6,4541.1,4591.7,4466.9,4559.4,4514.4,4535.3,4541.1,4642.1,4650.0,5137.9,5137.9,100.0,9.79,11.0,NA,none,14586
2026-08-27T07:25:15Z,all_core,41,91.4,NA,57.96,0,4523.7,4570.3,4532.9,4571.3,4466.6,4511.5,4484.5,4523.7,4532.9,4642.1,4650.0,5137.9,5137.9,100.0,9.79,11.1,NA,none,14586
2026-08-27T07:25:18Z,all_core,44,91.5,NA,63.07,0,4515.6,4566.7,4517.3,4570.8,4451.8,4566.7,4570.8,4515.6,4517.3,4642.1,4650.0,5137.9,5137.9,100.0,10.45,11.1,NA,none,14586
2026-08-27T07:25:21Z,all_core,47,91.4,NA,61.20,0,4513.6,4566.4,4519.6,4565.9,4457.6,4458.1,4466.4,4513.6,4519.6,4642.1,4650.0,5137.9,5137.9,100.0,10.45,11.0,NA,none,14586
2026-08-27T07:25:23Z,all_core,50,91.4,NA,57.94,0,4500.7,4566.5,4508.4,4566.8,4431.8,4466.8,4471.4,4500.7,4508.4,4642.1,4650.0,5137.9,5137.9,100.0,11.21,11.0,NA,none,14586
2026-08-27T07:25:26Z,all_core,52,91.8,NA,58.02,0,4532.3,4566.7,4538.3,4566.7,4483.7,4491.6,4491.8,4532.3,4538.3,4642.1,4650.0,5137.9,5137.9,100.0,11.21,11.0,NA,none,14586
2026-08-27T07:25:29Z,all_core,55,91.9,NA,58.38,0,4513.2,4553.2,4511.1,4566.6,4466.9,4553.2,4546.1,4513.2,4511.1,4642.1,4650.0,5137.9,5137.9,100.0,12.00,11.0,NA,none,14586
2026-08-27T07:25:32Z,all_core,58,92.1,NA,57.55,0,4502.4,4566.6,4510.0,4566.7,4442.2,4449.6,4466.7,4502.4,4510.0,4642.1,4650.0,5137.9,5137.9,100.0,12.48,11.0,NA,none,14586
2026-08-27T07:25:35Z,all_core,61,92.0,NA,59.21,0,4523.5,4558.7,4527.8,4566.6,4466.9,4558.7,4493.9,4523.5,4527.8,4642.1,4650.0,5137.9,5137.9,100.0,12.48,11.0,NA,none,14586
2026-08-27T07:25:37Z,all_core,64,92.2,NA,60.49,0,4524.6,4566.6,4526.0,4566.7,4466.1,4466.8,4459.1,4524.6,4526.0,4642.1,4650.0,5137.9,5137.9,100.0,12.84,11.0,NA,none,14586
2026-08-27T07:25:40Z,all_core,66,92.4,NA,59.21,0,4513.8,4558.0,4508.6,4566.4,4466.8,4558.0,4463.6,4513.8,4508.6,4642.1,4650.0,5137.9,5137.9,100.0,12.84,11.0,NA,none,14586
2026-08-27T07:25:43Z,all_core,69,92.5,NA,63.18,0,4497.4,4566.2,4504.1,4566.7,4441.9,4466.4,4446.4,4497.4,4504.1,4642.1,4650.0,5137.9,5137.9,100.0,13.33,11.0,NA,none,14586
2026-08-27T07:25:46Z,all_core,72,92.9,NA,58.68,0,4538.4,4589.6,4534.6,4566.7,4466.8,4589.6,4520.7,4538.4,4534.6,4642.1,4650.0,5137.9,5137.9,100.0,13.33,11.0,NA,none,14586
2026-08-27T07:25:49Z,all_core,75,93.0,NA,59.11,0,4504.2,4566.6,4511.7,4566.9,4441.9,4541.7,4516.7,4504.2,4511.7,4642.1,4650.0,5137.9,5137.9,100.0,13.63,11.0,NA,none,14586
2026-08-27T07:25:51Z,all_core,78,93.2,NA,55.18,0,4528.4,4566.7,4526.1,4566.7,4465.9,4487.1,4491.8,4528.4,4526.1,4642.1,4650.0,5137.9,5137.9,100.0,13.63,11.0,NA,none,14586
2026-08-27T07:25:54Z,all_core,80,93.4,NA,6.00,0,4499.9,4566.3,4508.2,4566.7,4434.8,4491.8,4441.5,4499.9,4508.2,4642.1,4650.0,5137.9,5137.9,100.0,14.38,11.0,NA,none,14586
2026-08-27T07:25:57Z,all_core,83,93.5,NA,57.69,0,4526.8,4566.7,4532.0,4566.6,4460.1,4516.3,4516.7,4526.8,4532.0,4642.1,4650.0,5137.9,5137.9,100.0,15.55,11.0,NA,none,14586
2026-08-27T07:26:00Z,all_core,86,93.4,NA,52.40,0,4511.1,4541.8,4512.7,4566.7,4450.5,4541.8,4566.7,4511.1,4512.7,4642.1,4650.0,5137.9,5137.9,100.0,15.55,11.0,NA,none,14586
2026-08-27T07:26:02Z,all_core,89,93.4,NA,65.03,0,4524.1,4566.6,4520.8,4544.2,4454.6,4566.6,4544.2,4524.1,4520.8,4642.1,4650.0,5137.9,5137.9,100.0,15.91,11.0,NA,none,14586
2026-08-27T07:26:05Z,all_core,91,93.5,NA,51.27,0,4486.8,4540.8,4489.4,4541.2,4410.1,4466.7,4516.5,4486.8,4489.4,4642.1,4650.0,5137.9,5137.9,100.0,15.91,11.1,NA,none,14586
2026-08-27T07:26:08Z,all_core,94,93.6,NA,52.16,0,4511.4,4566.7,4514.4,4566.6,4461.8,4566.6,4541.7,4511.4,4514.4,4642.1,4650.0,5137.9,5137.9,100.0,16.23,11.1,NA,none,14586
2026-08-27T07:26:11Z,all_core,97,93.8,NA,58.97,0,4524.7,4566.5,4528.1,4566.7,4450.6,4566.5,4534.5,4524.7,4528.1,4642.1,4650.0,5137.9,5137.9,100.0,16.23,11.1,NA,none,14586
2026-08-27T07:26:13Z,all_core,100,94.0,NA,55.95,0,4515.2,4566.7,4520.2,4566.7,4441.0,4566.7,4566.5,4515.2,4520.2,4642.1,4650.0,5137.9,5137.9,100.0,16.54,11.0,NA,none,14586
2026-08-27T07:26:16Z,all_core,102,94.1,NA,3.18,0,4508.1,4566.6,4507.3,4568.9,4441.9,4566.6,4566.6,4508.1,4507.3,4642.1,4650.0,5137.9,5137.9,100.0,16.54,11.1,NA,none,14586
2026-08-27T07:26:19Z,all_core,105,94.2,NA,61.52,0,4516.0,4566.7,4523.3,4566.6,4466.6,4491.8,4466.7,4516.0,4523.3,4642.1,4650.0,5137.9,5137.9,100.0,16.65,11.1,NA,none,14586
2026-08-27T07:26:22Z,all_core,108,94.2,NA,59.03,0,4521.9,4566.7,4530.4,4566.7,4480.5,4491.3,4516.6,4521.9,4530.4,4642.1,4650.0,5137.9,5137.9,100.0,16.84,11.1,NA,none,14586
2026-08-27T07:26:24Z,all_core,111,94.2,NA,58.70,0,4532.6,4566.7,4544.7,4566.7,4466.9,4566.4,4566.6,4532.6,4544.7,4642.1,4650.0,5137.9,5137.9,100.0,16.84,11.1,NA,none,14586
2026-08-27T07:26:27Z,all_core,113,94.1,NA,54.66,0,4510.4,4566.7,4507.8,4566.7,4441.5,4566.7,4541.7,4510.4,4507.8,4642.1,4650.0,5137.9,5137.9,100.0,17.01,11.1,NA,none,14586
2026-08-27T07:26:30Z,all_core,116,94.2,NA,56.24,0,4500.8,4541.7,4491.9,4545.4,4442.6,4541.7,4491.8,4500.8,4491.9,4642.1,4650.0,5137.9,5137.9,100.0,17.01,11.0,NA,none,14586
2026-08-27T07:26:33Z,all_core,119,94.2,NA,63.75,0,4523.1,4566.6,4526.2,4566.6,4466.8,4466.8,4491.8,4523.1,4526.2,4642.1,4650.0,5137.9,5137.9,100.0,17.17,11.0,NA,none,14586
2026-08-27T07:26:36Z,all_core,122,94.4,NA,61.87,0,4519.0,4566.8,4510.8,4566.7,4452.2,4491.8,4491.6,4519.0,4510.8,4642.1,4650.0,5137.9,5137.9,100.0,17.17,11.0,NA,none,14586
2026-08-27T07:26:38Z,all_core,125,94.8,NA,59.04,0,4521.0,4566.7,4522.0,4566.7,4466.8,4466.8,4466.8,4521.0,4522.0,4642.1,4650.0,5137.9,5137.9,100.0,17.16,11.1,NA,none,14586
2026-08-27T07:26:41Z,all_core,127,94.6,NA,60.54,0,4475.9,4516.7,4473.1,4541.6,4441.6,4465.2,4441.9,4475.9,4473.1,4642.1,4650.0,5137.9,5137.9,100.0,17.16,11.1,NA,none,14586
2026-08-27T07:26:44Z,all_core,130,94.8,NA,59.52,0,4529.6,4566.7,4534.8,4566.7,4449.7,4566.7,4565.4,4529.6,4534.8,4642.1,4650.0,5137.9,5137.9,100.0,17.31,11.1,NA,none,14586
2026-08-27T07:26:47Z,all_core,133,94.9,NA,57.69,0,4526.6,4566.7,4527.1,4566.7,4469.3,4501.5,4491.7,4526.6,4527.1,4642.1,4650.0,5137.9,5137.9,100.0,17.60,11.1,NA,none,14586
2026-08-27T07:26:49Z,all_core,136,95.0,NA,62.08,0,4533.8,4566.7,4541.8,4566.7,4460.0,4516.3,4516.7,4533.8,4541.8,4642.1,4650.0,5137.9,5137.9,100.0,17.60,11.0,NA,thermal_near_limit,14586
2026-08-27T07:26:52Z,all_core,138,95.0,NA,57.07,0,4502.6,4566.6,4500.0,4542.7,4440.7,4565.3,4541.7,4502.6,4500.0,4642.1,4650.0,5137.9,5137.9,99.9,17.80,11.1,NA,thermal_near_limit,14586
2026-08-27T07:26:55Z,all_core,141,94.8,NA,57.70,0,4519.4,4566.6,4513.1,4566.7,4491.0,4516.8,4516.8,4519.4,4513.1,4642.1,4650.0,5137.9,5137.9,100.0,17.80,11.1,NA,none,14586
2026-08-27T07:26:58Z,all_core,144,94.8,NA,58.44,0,4523.9,4565.6,4527.3,4566.5,4466.5,4565.6,4566.1,4523.9,4527.3,4642.1,4650.0,5137.9,5137.9,100.0,18.13,11.1,NA,none,14586
2026-08-27T07:27:01Z,all_core,147,94.8,NA,60.70,0,4518.4,4566.7,4512.3,4541.7,4458.4,4566.7,4516.8,4518.4,4512.3,4642.1,4650.0,5137.9,5137.9,100.0,18.13,11.0,NA,none,14586
2026-08-27T07:27:03Z,all_core,150,94.9,NA,53.93,0,4482.6,4541.7,4491.5,4566.6,4424.6,4516.7,4541.7,4482.6,4491.5,4642.1,4650.0,5137.9,5137.9,100.0,18.04,11.1,NA,none,14586
2026-08-27T07:27:06Z,all_core,152,95.0,NA,54.49,0,4510.9,4566.6,4505.5,4566.6,4441.8,4466.7,4466.2,4510.9,4505.5,4642.1,4650.0,5137.9,5137.9,100.0,18.04,11.1,NA,thermal_near_limit,14586
2026-08-27T07:27:09Z,all_core,155,95.0,NA,55.03,0,4508.5,4541.8,4518.0,4566.7,4433.5,4491.2,4516.7,4508.5,4518.0,4642.1,4650.0,5137.9,5137.9,100.0,18.04,11.1,NA,thermal_near_limit,14586
2026-08-27T07:27:12Z,all_core,158,95.0,NA,61.55,0,4504.6,4566.4,4513.3,4566.5,4441.7,4540.0,4491.8,4504.6,4513.3,4642.1,4650.0,5137.9,5137.9,100.0,18.12,11.0,NA,thermal_near_limit,14586
2026-08-27T07:27:15Z,all_core,161,95.1,NA,58.08,0,4504.1,4541.8,4505.4,4541.7,4441.9,4516.8,4491.2,4504.1,4505.4,4642.1,4650.0,5137.9,5137.9,100.0,18.12,11.0,NA,thermal_near_limit,14586
2026-08-27T07:27:17Z,all_core,164,95.1,NA,58.46,0,4496.9,4541.7,4513.1,4566.7,4465.5,4516.8,4463.1,4496.9,4513.1,4642.1,4650.0,5137.9,5137.9,100.0,18.51,11.1,NA,thermal_near_limit,14586
2026-08-27T07:27:20Z,all_core,166,95.1,NA,62.35,0,4515.8,4566.1,4519.9,4566.6,4441.0,4491.8,4516.8,4515.8,4519.9,4642.1,4650.0,5137.9,5137.9,100.0,18.51,11.1,NA,thermal_near_limit,14586
2026-08-27T07:27:23Z,all_core,169,95.2,NA,58.70,0,4519.4,4566.7,4521.0,4566.7,4441.9,4491.8,4516.7,4519.4,4521.0,4642.1,4650.0,5137.9,5137.9,100.0,18.63,11.0,NA,thermal_near_limit,14586
2026-08-27T07:27:26Z,all_core,172,95.6,NA,63.12,0,4477.7,4516.6,4478.8,4516.8,4418.1,4496.1,4476.1,4477.7,4478.8,4642.1,4650.0,5137.9,5137.9,100.0,18.63,11.1,NA,thermal_near_limit,14586
2026-08-27T07:27:29Z,all_core,175,95.4,NA,60.32,0,4509.7,4566.6,4514.0,4566.7,4424.9,4566.6,4566.6,4509.7,4514.0,4642.1,4650.0,5137.9,5137.9,100.0,18.66,11.2,NA,thermal_near_limit,14586
2026-08-27T07:27:31Z,all_core,178,95.5,NA,62.33,0,4526.7,4566.7,4528.7,4566.7,4466.8,4466.9,4491.6,4526.7,4528.7,4642.1,4650.0,5137.9,5137.9,100.0,18.66,11.1,NA,thermal_near_limit,14586
2026-08-27T07:27:34Z,all_core,180,95.5,NA,64.62,0,4528.1,4566.7,4526.5,4566.7,4460.8,4539.8,4566.7,4528.1,4526.5,4642.1,4650.0,5137.9,5137.9,100.0,18.92,11.1,NA,thermal_near_limit,14586
2026-08-27T07:27:37Z,all_core,183,95.4,NA,59.37,0,4499.8,4566.5,4506.4,4566.7,4445.0,4488.8,4515.9,4499.8,4506.4,4642.1,4650.0,5137.9,5137.9,100.0,18.85,11.1,NA,thermal_near_limit,14586
2026-08-27T07:27:40Z,all_core,186,95.2,NA,58.83,0,4505.9,4566.6,4514.0,4566.7,4462.9,4491.8,4491.8,4505.9,4514.0,4642.1,4650.0,5137.9,5137.9,100.0,18.85,11.1,NA,thermal_near_limit,14586
2026-08-27T07:27:43Z,all_core,189,95.2,NA,58.40,0,4513.8,4566.7,4511.1,4566.6,4480.2,4490.8,4491.3,4513.8,4511.1,4642.1,4650.0,5137.9,5137.9,100.0,18.78,11.1,NA,thermal_near_limit,14586
2026-08-27T07:27:45Z,all_core,192,95.8,NA,59.45,0,4527.9,4566.7,4525.4,4566.7,4462.5,4462.5,4466.8,4527.9,4525.4,4642.1,4650.0,5137.9,5137.9,100.0,18.78,11.1,NA,thermal_near_limit,14586
2026-08-27T07:27:48Z,all_core,194,95.9,NA,58.96,0,4503.9,4566.7,4509.4,4566.7,4423.9,4459.0,4491.8,4503.9,4509.4,4642.1,4650.0,5137.9,5137.9,100.0,18.72,11.1,NA,thermal_near_limit,14586
2026-08-27T07:27:51Z,all_core,197,95.6,NA,55.48,0,4508.7,4541.7,4514.2,4541.8,4441.9,4516.7,4541.7,4508.7,4514.2,4642.1,4650.0,5137.9,5137.9,100.0,18.72,11.1,NA,thermal_near_limit,14586
2026-08-27T07:27:54Z,all_core,200,95.5,NA,59.26,0,4477.2,4516.8,4482.8,4541.6,4424.6,4465.2,4441.9,4477.2,4482.8,4642.1,4650.0,5137.9,5137.9,100.0,18.58,11.1,NA,thermal_near_limit,14586
2026-08-27T07:27:57Z,all_core,203,95.9,NA,62.51,0,4519.1,4566.7,4527.6,4566.7,4441.9,4491.8,4466.8,4519.1,4527.6,4642.1,4650.0,5137.9,5137.9,100.0,18.70,11.1,NA,thermal_near_limit,14586
2026-08-27T07:27:59Z,all_core,206,95.9,NA,56.98,0,4519.1,4566.6,4520.4,4566.7,4458.2,4458.2,4466.6,4519.1,4520.4,4642.1,4650.0,5137.9,5137.9,100.0,18.70,11.1,NA,thermal_near_limit,14586
2026-08-27T07:28:02Z,all_core,208,96.0,NA,60.20,0,4519.4,4566.7,4526.0,4566.7,4464.4,4566.7,4566.5,4519.4,4526.0,4642.1,4650.0,5137.9,5137.9,100.0,18.96,11.1,NA,thermal_near_limit,14586
2026-08-27T07:28:05Z,all_core,211,95.9,NA,56.76,0,4511.8,4541.8,4509.5,4566.0,4465.6,4541.3,4540.2,4511.8,4509.5,4642.1,4650.0,5137.9,5137.9,100.0,18.96,11.0,NA,thermal_near_limit,14586
2026-08-27T07:28:08Z,all_core,214,95.6,NA,54.53,0,4512.7,4565.7,4517.2,4566.6,4466.1,4565.7,4542.7,4512.7,4517.2,4642.1,4650.0,5137.9,5137.9,100.0,19.04,11.0,NA,thermal_near_limit,14586
2026-08-27T07:28:11Z,all_core,217,95.6,NA,60.49,0,4518.8,4566.2,4523.0,4541.7,4466.6,4516.8,4541.5,4518.8,4523.0,4642.1,4650.0,5137.9,5137.9,100.0,19.04,11.0,NA,thermal_near_limit,14586
2026-08-27T07:28:14Z,all_core,220,95.6,NA,62.29,0,4513.6,4566.6,4511.3,4565.9,4454.3,4516.3,4469.7,4513.6,4511.3,4642.1,4650.0,5137.9,5137.9,100.0,19.04,11.1,NA,thermal_near_limit,14586
2026-08-27T07:28:16Z,all_core,223,96.1,NA,57.20,0,4503.2,4566.6,4505.4,4566.7,4441.9,4481.6,4541.8,4503.2,4505.4,4642.1,4650.0,5137.9,5137.9,100.0,19.04,11.0,NA,thermal_near_limit,14586
2026-08-27T07:28:19Z,all_core,225,96.0,NA,57.97,0,4506.1,4566.2,4508.8,4566.7,4453.5,4566.2,4543.5,4506.1,4508.8,4642.1,4650.0,5137.9,5137.9,100.0,19.04,11.0,NA,thermal_near_limit,14586
2026-08-27T07:28:22Z,all_core,228,96.2,NA,55.52,0,4523.8,4566.7,4530.5,4566.7,4466.8,4566.7,4516.8,4523.8,4530.5,4642.1,4650.0,5137.9,5137.9,100.0,19.19,11.0,NA,thermal_near_limit,14586
2026-08-27T07:28:25Z,all_core,231,96.2,NA,62.89,0,4512.7,4566.7,4503.6,4566.7,4449.5,4540.1,4466.8,4512.7,4503.6,4642.1,4650.0,5137.9,5137.9,100.0,19.19,11.0,NA,thermal_near_limit,14586
2026-08-27T07:28:28Z,all_core,234,96.4,NA,63.81,0,4506.8,4566.7,4513.1,4566.7,4441.8,4491.8,4491.7,4506.8,4513.1,4642.1,4650.0,5137.9,5137.9,100.0,19.18,11.0,NA,thermal_near_limit,14586
2026-08-27T07:28:30Z,all_core,237,96.2,NA,57.74,0,4518.6,4566.7,4523.7,4566.7,4435.8,4541.8,4516.7,4518.6,4523.7,4642.1,4650.0,5137.9,5137.9,100.0,19.18,11.0,NA,thermal_near_limit,14586
2026-08-27T07:28:33Z,all_core,240,96.1,NA,59.48,0,4510.1,4566.6,4513.9,4541.7,4465.8,4546.9,4531.6,4510.1,4513.9,4642.1,4650.0,5137.9,5137.9,100.0,19.00,11.0,NA,thermal_near_limit,14586
2026-08-27T07:28:36Z,all_core,242,96.0,NA,51.75,0,4518.2,4566.5,4518.7,4541.7,4407.6,4531.7,4541.5,4518.2,4518.7,4642.1,4650.0,5137.9,5137.9,100.0,19.00,11.0,NA,thermal_near_limit,14586
2026-08-27T07:28:39Z,all_core,245,95.9,NA,60.59,0,4501.1,4566.6,4502.9,4566.2,4447.9,4521.5,4457.4,4501.1,4502.9,4642.1,4650.0,5137.9,5137.9,100.0,19.08,11.1,NA,thermal_near_limit,14586
2026-08-27T07:28:42Z,all_core,248,95.8,NA,57.24,0,4511.3,4541.7,4518.2,4566.3,4460.2,4516.1,4491.5,4511.3,4518.2,4642.1,4650.0,5137.9,5137.9,100.0,19.24,11.1,NA,thermal_near_limit,14586
2026-08-27T07:28:45Z,all_core,251,95.9,NA,59.05,0,4509.6,4566.6,4507.0,4541.7,4466.4,4466.9,4449.5,4509.6,4507.0,4642.1,4650.0,5137.9,5137.9,100.0,19.24,11.0,NA,thermal_near_limit,14586
2026-08-27T07:28:47Z,all_core,254,96.2,NA,58.11,0,4527.4,4566.7,4525.8,4566.7,4466.6,4566.7,4566.6,4527.4,4525.8,4642.1,4650.0,5137.9,5137.9,100.0,19.22,11.0,NA,thermal_near_limit,14586
2026-08-27T07:28:50Z,all_core,256,96.5,NA,59.67,0,4509.0,4566.6,4514.3,4566.6,4441.9,4512.1,4522.8,4509.0,4514.3,4642.1,4650.0,5137.9,5137.9,100.0,19.22,11.1,NA,thermal_near_limit,14586
2026-08-27T07:28:53Z,all_core,259,96.2,NA,58.67,0,4508.0,4566.7,4512.0,4541.7,4466.8,4491.6,4516.7,4508.0,4512.0,4642.1,4650.0,5137.9,5137.9,100.0,19.20,11.0,NA,thermal_near_limit,14586
2026-08-27T07:28:56Z,all_core,262,96.4,NA,59.80,0,4535.4,4566.6,4534.2,4566.7,4481.5,4566.5,4566.2,4535.4,4534.2,4642.1,4650.0,5137.9,5137.9,100.0,19.20,11.1,NA,thermal_near_limit,14586
2026-08-27T07:28:59Z,all_core,265,96.6,NA,57.79,0,4523.0,4566.6,4523.3,4566.7,4448.8,4516.8,4516.6,4523.0,4523.3,4642.1,4650.0,5137.9,5137.9,100.0,19.10,11.0,NA,thermal_near_limit,14586
2026-08-27T07:29:01Z,all_core,268,96.6,NA,57.54,0,4506.5,4566.7,4514.9,4566.7,4426.7,4566.7,4566.6,4506.5,4514.9,4642.1,4650.0,5137.9,5137.9,100.0,19.10,11.1,NA,thermal_near_limit,14586
2026-08-27T07:29:04Z,all_core,270,96.6,NA,58.06,0,4503.1,4566.7,4501.8,4566.0,4441.1,4441.1,4441.6,4503.1,4501.8,4642.1,4650.0,5137.9,5137.9,100.0,19.26,11.0,NA,thermal_near_limit,14586
2026-08-27T07:29:07Z,all_core,273,96.5,NA,11.41,0,4486.3,4541.3,4496.0,4541.6,4424.2,4451.3,4484.0,4486.3,4496.0,4642.1,4650.0,5137.9,5137.9,100.0,19.40,11.0,NA,thermal_near_limit,14586
2026-08-27T07:29:10Z,all_core,276,96.5,NA,4.34,0,4530.9,4566.7,4533.6,4566.7,4466.4,4566.6,4541.4,4530.9,4533.6,4642.1,4650.0,5137.9,5137.9,100.0,19.40,11.0,NA,thermal_near_limit,14586
2026-08-27T07:29:12Z,all_core,279,96.6,NA,55.36,0,4524.0,4566.7,4531.7,4566.7,4466.1,4491.6,4466.0,4524.0,4531.7,4642.1,4650.0,5137.9,5137.9,100.0,19.36,11.1,NA,thermal_near_limit,14586
2026-08-27T07:29:15Z,all_core,281,96.4,NA,55.37,0,4491.6,4540.8,4497.6,4566.6,4441.9,4466.8,4466.9,4491.6,4497.6,4642.1,4650.0,5137.9,5137.9,100.0,19.36,11.1,NA,thermal_near_limit,14586
2026-08-27T07:29:18Z,all_core,284,96.1,NA,57.73,0,4520.1,4566.6,4523.5,4566.7,4466.9,4491.8,4489.2,4520.1,4523.5,4642.1,4650.0,5137.9,5137.9,100.0,19.25,11.1,NA,thermal_near_limit,14586
2026-08-27T07:29:21Z,all_core,287,96.1,NA,59.99,0,4523.2,4566.7,4520.0,4566.7,4465.3,4541.7,4566.7,4523.2,4520.0,4642.1,4650.0,5137.9,5137.9,100.0,19.25,11.0,NA,thermal_near_limit,14586
2026-08-27T07:29:24Z,all_core,290,96.2,NA,59.66,0,4516.7,4566.7,4517.9,4566.7,4459.8,4459.8,4566.7,4516.7,4517.9,4642.1,4650.0,5137.9,5137.9,100.0,19.47,11.1,NA,thermal_near_limit,14586
2026-08-27T07:29:26Z,all_core,293,96.2,NA,5.19,0,4486.3,4565.7,4492.1,4591.3,4426.8,4565.7,4516.7,4486.3,4492.1,4642.1,4650.0,5137.9,5137.9,100.0,19.47,11.1,NA,thermal_near_limit,14586
2026-08-27T07:29:29Z,all_core,295,96.1,NA,58.23,0,4516.9,4541.8,4520.9,4566.2,4441.9,4527.1,4536.9,4516.9,4520.9,4642.1,4650.0,5137.9,5137.9,100.0,19.44,11.1,NA,thermal_near_limit,14586
2026-08-27T07:29:32Z,all_core,298,96.1,NA,63.99,0,4510.2,4566.6,4503.5,4545.7,4461.2,4516.5,4491.8,4510.2,4503.5,4642.1,4650.0,5137.9,5137.9,100.0,20.12,11.1,NA,thermal_near_limit,14586
2026-08-27T07:29:35Z,all_core,301,96.0,NA,57.72,0,4519.0,4566.5,4523.5,4566.6,4449.7,4546.3,4464.3,4519.0,4523.5,4642.1,4650.0,5137.9,5137.9,100.0,20.12,11.1,NA,thermal_near_limit,14586
2026-08-27T07:29:38Z,all_core,304,96.1,NA,60.03,0,4492.4,4542.2,4494.4,4541.7,4441.0,4486.4,4491.2,4492.4,4494.4,4642.1,4650.0,5137.9,5137.9,100.0,19.87,11.1,NA,thermal_near_limit,14586
2026-08-27T07:29:40Z,all_core,307,96.5,NA,59.04,0,4512.2,4566.6,4515.4,4566.7,4436.5,4460.8,4491.8,4512.2,4515.4,4642.1,4650.0,5137.9,5137.9,100.0,19.87,11.1,NA,thermal_near_limit,14586
2026-08-27T07:29:43Z,all_core,310,96.4,NA,58.80,0,4523.0,4565.8,4531.3,4566.6,4467.7,4565.8,4566.2,4523.0,4531.3,4642.1,4650.0,5137.9,5137.9,100.0,19.80,11.1,NA,thermal_near_limit,14586
2026-08-27T07:29:46Z,all_core,312,96.5,NA,60.18,0,4528.4,4566.7,4531.1,4566.7,4449.0,4566.1,4541.2,4528.4,4531.1,4642.1,4650.0,5137.9,5137.9,100.0,19.80,11.1,NA,thermal_near_limit,14586
2026-08-27T07:29:49Z,all_core,315,96.6,NA,4.79,0,4493.2,4541.7,4491.7,4541.7,4440.9,4516.7,4466.5,4493.2,4491.7,4642.1,4650.0,5137.9,5137.9,100.0,19.66,11.1,NA,thermal_near_limit,14586
2026-08-27T07:29:52Z,all_core,318,96.6,NA,57.18,0,4527.1,4566.7,4520.5,4566.7,4466.8,4541.8,4503.1,4527.1,4520.5,4642.1,4650.0,5137.9,5137.9,100.0,19.60,11.1,NA,thermal_near_limit,14586
2026-08-27T07:29:54Z,all_core,321,96.6,NA,59.85,0,4529.3,4566.7,4531.5,4566.6,4466.9,4565.9,4566.6,4529.3,4531.5,4642.1,4650.0,5137.9,5137.9,100.0,19.60,11.1,NA,thermal_near_limit,14586
2026-08-27T07:29:57Z,all_core,324,96.4,NA,57.48,0,4512.1,4566.7,4521.5,4566.7,4441.9,4539.1,4541.6,4512.1,4521.5,4642.1,4650.0,5137.9,5137.9,100.0,19.56,11.0,NA,thermal_near_limit,14586
2026-08-27T07:30:00Z,all_core,326,96.4,NA,62.89,0,4499.6,4566.7,4504.4,4541.7,4453.2,4453.2,4516.5,4499.6,4504.4,4642.1,4650.0,5137.9,5137.9,100.0,19.56,11.1,NA,thermal_near_limit,14586
2026-08-27T07:30:03Z,all_core,329,96.2,NA,59.81,0,4504.3,4541.7,4517.4,4541.7,4466.6,4466.6,4491.8,4504.3,4517.4,4642.1,4650.0,5137.9,5137.9,100.0,19.43,11.0,NA,thermal_near_limit,14586
2026-08-27T07:30:06Z,all_core,332,96.0,NA,61.85,0,4519.5,4566.7,4514.3,4566.7,4483.7,4566.7,4541.6,4519.5,4514.3,4642.1,4650.0,5137.9,5137.9,100.0,19.43,11.1,NA,thermal_near_limit,14586
2026-08-27T07:30:09Z,all_core,335,96.2,NA,56.51,0,4514.7,4541.8,4514.4,4566.7,4441.9,4516.7,4491.1,4514.7,4514.4,4642.1,4650.0,5137.9,5137.9,100.0,19.40,11.1,NA,thermal_near_limit,14586
2026-08-27T07:30:11Z,all_core,338,96.5,NA,58.11,0,4516.9,4566.6,4516.0,4566.7,4450.2,4494.8,4442.0,4516.9,4516.0,4642.1,4650.0,5137.9,5137.9,100.0,19.40,11.1,NA,thermal_near_limit,14586
2026-08-27T07:30:14Z,all_core,340,96.5,NA,58.97,0,4507.2,4566.7,4501.7,4566.7,4465.2,4516.6,4472.7,4507.2,4501.7,4642.1,4650.0,5137.9,5137.9,100.0,19.52,11.0,NA,thermal_near_limit,14586
2026-08-27T07:30:17Z,all_core,343,96.8,NA,56.11,0,4536.5,4566.7,4536.7,4566.7,4459.5,4566.6,4566.7,4536.5,4536.7,4642.1,4650.0,5137.9,5137.9,100.0,19.64,11.0,NA,thermal_near_limit,14586
2026-08-27T07:30:20Z,all_core,346,96.6,NA,63.91,0,4499.4,4566.7,4493.9,4566.6,4454.1,4566.7,4566.6,4499.4,4493.9,4642.1,4650.0,5137.9,5137.9,100.0,19.64,11.1,NA,thermal_near_limit,14586
2026-08-27T07:30:23Z,all_core,349,96.8,NA,56.90,0,4510.5,4566.6,4503.4,4566.6,4452.9,4516.6,4491.5,4510.5,4503.4,4642.1,4650.0,5137.9,5137.9,100.0,19.59,11.0,NA,thermal_near_limit,14586
2026-08-27T07:30:25Z,all_core,352,96.6,NA,59.60,0,4493.8,4566.2,4503.5,4566.7,4438.8,4566.2,4566.7,4493.8,4503.5,4642.1,4650.0,5137.9,5137.9,100.0,19.59,11.1,NA,thermal_near_limit,14586
2026-08-27T07:30:28Z,all_core,354,96.5,NA,58.41,0,4515.2,4565.9,4518.4,4566.7,4441.9,4483.5,4491.6,4515.2,4518.4,4642.1,4650.0,5137.9,5137.9,100.0,19.46,11.1,NA,thermal_near_limit,14586
2026-08-27T07:30:31Z,all_core,357,96.6,NA,56.31,0,4505.6,4566.7,4524.5,4566.7,4448.8,4566.7,4566.7,4505.6,4524.5,4642.1,4650.0,5137.9,5137.9,100.0,19.46,11.1,NA,thermal_near_limit,14586
2026-08-27T07:30:34Z,all_core,360,96.4,NA,4.29,0,4515.5,4566.7,4517.9,4566.7,4441.7,4487.4,4491.6,4515.5,4517.9,4642.1,4650.0,5137.9,5137.9,100.0,19.35,11.0,NA,thermal_near_limit,14586
2026-08-27T07:30:36Z,all_core,363,96.6,NA,59.84,0,4513.1,4566.7,4526.1,4566.7,4430.6,4566.7,4565.8,4513.1,4526.1,4642.1,4650.0,5137.9,5137.9,100.0,19.35,11.0,NA,thermal_near_limit,14586
2026-08-27T07:30:39Z,all_core,366,96.2,NA,58.59,0,4508.1,4541.7,4510.8,4541.8,4428.3,4491.6,4491.8,4508.1,4510.8,4642.1,4650.0,5137.9,5137.9,100.0,19.24,11.0,NA,thermal_near_limit,14586
2026-08-27T07:30:42Z,all_core,368,96.5,NA,57.82,0,4528.0,4566.7,4534.3,4566.7,4459.1,4566.7,4566.7,4528.0,4534.3,4642.1,4650.0,5137.9,5137.9,100.0,19.22,11.1,NA,thermal_near_limit,14586
2026-08-27T07:30:45Z,all_core,371,96.6,NA,56.83,0,4502.8,4566.7,4510.1,4566.6,4441.9,4491.8,4465.6,4502.8,4510.1,4642.1,4650.0,5137.9,5137.9,100.0,19.22,11.0,NA,thermal_near_limit,14586
2026-08-27T07:30:48Z,all_core,374,96.6,NA,61.79,0,4518.3,4566.7,4525.8,4566.7,4424.9,4491.8,4460.0,4518.3,4525.8,4642.1,4650.0,5137.9,5137.9,100.0,19.20,11.0,NA,thermal_near_limit,14586
2026-08-27T07:30:50Z,all_core,377,96.6,NA,0.10,0,4503.7,4566.6,4509.3,4566.7,4441.9,4472.3,4491.8,4503.7,4509.3,4642.1,4650.0,5137.9,5137.9,100.0,19.20,11.0,NA,thermal_near_limit,14586
2026-08-27T07:30:53Z,all_core,380,96.5,NA,59.12,0,4513.6,4566.7,4516.4,4566.7,4453.1,4566.7,4566.7,4513.6,4516.4,4642.1,4650.0,5137.9,5137.9,100.0,19.35,11.0,NA,thermal_near_limit,14586
2026-08-27T07:30:56Z,all_core,382,96.5,NA,59.80,0,4541.6,4566.7,4537.2,4566.7,4441.9,4566.6,4566.7,4541.6,4537.2,4642.1,4650.0,5137.9,5137.9,100.0,19.35,11.0,NA,thermal_near_limit,14586
2026-08-27T07:30:59Z,all_core,385,96.8,NA,57.31,0,4527.3,4566.7,4527.4,4566.7,4466.3,4491.8,4491.8,4527.3,4527.4,4642.1,4650.0,5137.9,5137.9,100.0,19.24,11.0,NA,thermal_near_limit,14586
2026-08-27T07:31:02Z,all_core,388,96.9,NA,58.73,0,4495.1,4566.6,4484.3,4541.6,4402.7,4491.8,4516.2,4495.1,4484.3,4642.1,4650.0,5137.9,5137.9,100.0,19.22,11.0,NA,thermal_near_limit,14586
2026-08-27T07:31:05Z,all_core,391,96.8,NA,59.49,0,4493.7,4566.5,4493.9,4541.7,4441.9,4566.5,4541.5,4493.7,4493.9,4642.1,4650.0,5137.9,5137.9,100.0,19.22,11.0,NA,thermal_near_limit,14586
2026-08-27T07:31:07Z,all_core,394,96.6,NA,58.74,0,4530.9,4566.7,4535.5,4566.7,4466.8,4491.8,4540.4,4530.9,4535.5,4642.1,4650.0,5137.9,5137.9,100.0,19.20,11.0,NA,thermal_near_limit,14586
2026-08-27T07:31:10Z,all_core,396,96.8,NA,57.43,0,4520.4,4566.7,4524.2,4566.7,4441.9,4491.7,4517.6,4520.4,4524.2,4642.1,4650.0,5137.9,5137.9,100.0,19.20,11.0,NA,thermal_near_limit,14586
2026-08-27T07:31:13Z,all_core,399,96.9,NA,64.58,0,4527.9,4566.7,4520.1,4566.7,4465.9,4566.7,4491.8,4527.9,4520.1,4642.1,4650.0,5137.9,5137.9,100.0,19.10,11.0,NA,thermal_near_limit,14586
2026-08-27T07:31:16Z,all_core,402,96.8,NA,57.51,0,4491.3,4566.5,4503.3,4566.6,4441.9,4466.6,4456.8,4491.3,4503.3,4642.1,4650.0,5137.9,5137.9,100.0,19.10,11.0,NA,thermal_near_limit,14586
2026-08-27T07:31:19Z,all_core,405,96.8,NA,59.98,0,4512.9,4566.7,4524.1,4566.6,4435.2,4506.4,4491.8,4512.9,4524.1,4642.1,4650.0,5137.9,5137.9,100.0,19.10,11.0,NA,thermal_near_limit,14586
2026-08-27T07:31:21Z,all_core,408,96.9,NA,58.93,0,4531.4,4566.7,4534.7,4566.7,4456.9,4566.6,4566.6,4531.4,4534.7,4642.1,4650.0,5137.9,5137.9,100.0,19.10,11.1,NA,thermal_near_limit,14586
2026-08-27T07:31:24Z,all_core,410,97.0,NA,55.63,0,4511.4,4566.7,4512.7,4566.7,4456.7,4566.6,4566.7,4511.4,4512.7,4642.1,4650.0,5137.9,5137.9,100.0,19.01,11.1,NA,thermal_near_limit,14586
2026-08-27T07:31:27Z,all_core,413,96.9,NA,58.78,0,4489.1,4544.3,4497.9,4566.5,4440.9,4516.5,4536.7,4489.1,4497.9,4642.1,4650.0,5137.9,5137.9,100.0,19.17,11.1,NA,thermal_near_limit,14586
2026-08-27T07:31:30Z,all_core,416,96.8,NA,61.77,0,4517.9,4566.7,4525.1,4566.7,4456.7,4565.5,4566.3,4517.9,4525.1,4642.1,4650.0,5137.9,5137.9,100.0,19.17,11.0,NA,thermal_near_limit,14586
2026-08-27T07:31:32Z,all_core,419,96.8,NA,63.17,0,4529.2,4566.8,4526.6,4566.7,4449.4,4566.7,4533.0,4529.2,4526.6,4642.1,4650.0,5137.9,5137.9,100.0,19.23,11.1,NA,thermal_near_limit,14586
2026-08-27T07:31:35Z,all_core,421,96.4,NA,62.92,0,4514.2,4566.7,4520.8,4566.5,4441.9,4540.5,4509.5,4514.2,4520.8,4642.1,4650.0,5137.9,5137.9,100.0,19.23,11.0,NA,thermal_near_limit,14586
2026-08-27T07:31:38Z,all_core,424,96.4,NA,58.84,0,4500.3,4566.6,4499.3,4541.7,4438.7,4509.8,4465.4,4500.3,4499.3,4642.1,4650.0,5137.9,5137.9,100.0,19.22,11.0,NA,thermal_near_limit,14586
2026-08-27T07:31:41Z,all_core,427,96.4,NA,60.03,0,4513.6,4566.7,4519.0,4566.7,4453.3,4453.3,4482.3,4513.6,4519.0,4642.1,4650.0,5137.9,5137.9,100.0,19.22,11.0,NA,thermal_near_limit,14586
2026-08-27T07:31:44Z,all_core,430,96.4,NA,58.98,0,4497.9,4541.6,4507.6,4566.6,4465.8,4465.8,4455.0,4497.9,4507.6,4642.1,4650.0,5137.9,5137.9,100.0,19.20,11.1,NA,thermal_near_limit,14586
2026-08-27T07:31:46Z,all_core,433,96.4,NA,59.00,0,4513.4,4566.0,4514.5,4541.8,4465.7,4465.7,4491.6,4513.4,4514.5,4642.1,4650.0,5137.9,5137.9,100.0,19.20,11.1,NA,thermal_near_limit,14586
2026-08-27T07:31:49Z,all_core,435,96.5,NA,62.36,0,4500.6,4566.5,4500.3,4566.6,4458.2,4458.2,4491.7,4500.6,4500.3,4642.1,4650.0,5137.9,5137.9,100.0,19.18,11.1,NA,thermal_near_limit,14586
2026-08-27T07:31:52Z,all_core,438,96.4,NA,58.57,0,4511.5,4541.7,4519.8,4566.7,4435.4,4441.9,4466.9,4511.5,4519.8,4642.1,4650.0,5137.9,5137.9,100.0,19.17,11.0,NA,thermal_near_limit,14586
2026-08-27T07:31:55Z,all_core,441,96.4,NA,57.96,0,4528.6,4566.7,4522.7,4566.7,4466.8,4566.6,4566.5,4528.6,4522.7,4642.1,4650.0,5137.9,5137.9,100.0,19.17,11.1,NA,thermal_near_limit,14586
2026-08-27T07:31:58Z,all_core,444,96.6,NA,58.59,0,4519.9,4566.7,4523.4,4566.7,4441.9,4565.3,4537.9,4519.9,4523.4,4642.1,4650.0,5137.9,5137.9,100.0,18.99,11.1,NA,thermal_near_limit,14586
2026-08-27T07:32:01Z,all_core,447,96.6,NA,59.46,0,4511.8,4566.7,4513.3,4566.5,4446.9,4479.3,4541.6,4511.8,4513.3,4642.1,4650.0,5137.9,5137.9,100.0,18.99,11.0,NA,thermal_near_limit,14586
2026-08-27T07:32:03Z,all_core,450,96.6,NA,58.00,0,4523.6,4566.7,4528.0,4566.7,4490.6,4516.8,4466.6,4523.6,4528.0,4642.1,4650.0,5137.9,5137.9,100.0,18.91,11.0,NA,thermal_near_limit,14586
2026-08-27T07:32:06Z,all_core,452,96.6,NA,58.58,0,4526.2,4566.6,4518.8,4566.7,4466.8,4566.6,4566.6,4526.2,4518.8,4642.1,4650.0,5137.9,5137.9,100.0,18.91,11.0,NA,thermal_near_limit,14586
2026-08-27T07:32:09Z,all_core,455,96.5,NA,59.06,0,4526.4,4566.7,4528.8,4566.8,4461.0,4566.7,4566.7,4526.4,4528.8,4642.1,4650.0,5137.9,5137.9,100.0,19.00,11.0,NA,thermal_near_limit,14586
2026-08-27T07:32:12Z,all_core,458,96.6,NA,62.73,0,4494.6,4566.5,4498.7,4566.6,4432.2,4516.7,4466.8,4494.6,4498.7,4642.1,4650.0,5137.9,5137.9,100.0,19.40,11.0,NA,thermal_near_limit,14586
2026-08-27T07:32:14Z,all_core,461,96.4,NA,59.41,0,4472.5,4517.2,4474.9,4516.6,4429.7,4466.9,4491.6,4472.5,4474.9,4642.1,4650.0,5137.9,5137.9,100.0,19.40,11.0,NA,thermal_near_limit,14586
2026-08-27T07:32:17Z,all_core,463,96.2,NA,56.94,0,4517.7,4566.6,4524.5,4566.4,4465.1,4565.8,4566.4,4517.7,4524.5,4642.1,4650.0,5137.9,5137.9,100.0,19.45,11.0,NA,thermal_near_limit,14586
2026-08-27T07:32:20Z,all_core,466,96.6,NA,59.51,0,4521.9,4566.1,4531.9,4566.7,4441.9,4541.7,4566.2,4521.9,4531.9,4642.1,4650.0,5137.9,5137.9,100.0,19.45,11.0,NA,thermal_near_limit,14586
2026-08-27T07:32:23Z,all_core,469,96.8,NA,59.83,0,4523.5,4566.7,4517.7,4566.7,4451.2,4451.2,4491.8,4523.5,4517.7,4642.1,4650.0,5137.9,5137.9,100.0,19.33,11.0,NA,thermal_near_limit,14586
2026-08-27T07:32:25Z,all_core,472,96.8,NA,52.67,0,4462.2,4516.8,4466.5,4491.8,4420.6,4516.8,4491.6,4462.2,4466.5,4642.1,4650.0,5137.9,5137.9,100.0,19.33,11.0,NA,thermal_near_limit,14586
2026-08-27T07:32:28Z,all_core,474,97.0,NA,63.56,0,4476.1,4516.7,4479.4,4491.9,4416.7,4466.8,4491.9,4476.1,4479.4,4642.1,4650.0,5137.9,5137.9,100.0,19.31,11.2,NA,thermal_near_limit,14586
2026-08-27T07:32:31Z,all_core,477,96.4,NA,58.93,0,4509.8,4566.7,4515.9,4565.8,4430.3,4566.7,4536.2,4509.8,4515.9,4642.1,4650.0,5137.9,5137.9,100.0,19.31,11.1,NA,thermal_near_limit,14586
2026-08-27T07:32:34Z,all_core,480,96.4,NA,57.45,0,4511.6,4566.0,4517.8,4566.7,4463.7,4565.6,4491.6,4511.6,4517.8,4642.1,4650.0,5137.9,5137.9,100.0,19.20,11.1,NA,thermal_near_limit,14586
2026-08-27T07:32:36Z,all_core,483,96.4,NA,59.16,0,4505.3,4541.7,4511.0,4566.6,4441.9,4516.8,4566.6,4505.3,4511.0,4642.1,4650.0,5137.9,5137.9,100.0,19.20,11.0,NA,thermal_near_limit,14586
2026-08-27T07:32:39Z,all_core,485,96.5,NA,53.95,0,4485.0,4541.7,4495.0,4566.1,4445.7,4463.7,4465.8,4485.0,4495.0,4642.1,4650.0,5137.9,5137.9,100.0,19.03,11.1,NA,thermal_near_limit,14586
2026-08-27T07:32:42Z,all_core,488,96.2,NA,58.65,0,4509.3,4541.7,4516.7,4566.7,4441.9,4516.3,4493.6,4509.3,4516.7,4642.1,4650.0,5137.9,5137.9,100.0,19.02,11.0,NA,thermal_near_limit,14586
2026-08-27T07:32:45Z,all_core,491,96.6,NA,57.57,0,4532.6,4566.7,4526.5,4566.7,4491.2,4566.6,4491.3,4532.6,4526.5,4642.1,4650.0,5137.9,5137.9,100.0,19.02,11.1,NA,thermal_near_limit,14586
2026-08-27T07:32:48Z,all_core,494,96.6,NA,63.66,0,4507.6,4541.7,4508.1,4566.5,4466.1,4541.3,4516.7,4507.6,4508.1,4642.1,4650.0,5137.9,5137.9,100.0,19.02,11.0,NA,thermal_near_limit,14586
2026-08-27T07:32:50Z,all_core,497,96.6,NA,57.50,0,4497.1,4566.7,4515.3,4566.7,4441.6,4466.9,4491.8,4497.1,4515.3,4642.1,4650.0,5137.9,5137.9,100.0,19.02,11.0,NA,thermal_near_limit,14586
2026-08-27T07:32:53Z,all_core,499,96.6,NA,59.20,0,4526.8,4566.7,4532.6,4566.7,4466.6,4566.7,4515.9,4526.8,4532.6,4642.1,4650.0,5137.9,5137.9,100.0,18.94,11.0,NA,thermal_near_limit,14586
2026-08-27T07:32:56Z,all_core,502,96.8,NA,58.66,0,4501.8,4566.5,4502.5,4541.7,4441.9,4491.2,4467.5,4501.8,4502.5,4642.1,4650.0,5137.9,5137.9,100.0,18.94,11.0,NA,thermal_near_limit,14586
2026-08-27T07:32:59Z,all_core,505,96.5,NA,58.46,0,4505.0,4566.6,4510.6,4566.2,4441.9,4462.9,4445.4,4505.0,4510.6,4642.1,4650.0,5137.9,5137.9,100.0,19.10,11.0,NA,thermal_near_limit,14586
2026-08-27T07:33:02Z,all_core,508,96.2,NA,57.98,0,4489.4,4541.8,4493.1,4541.3,4440.0,4466.7,4465.2,4489.4,4493.1,4642.1,4650.0,5137.9,5137.9,100.0,19.10,11.0,NA,thermal_near_limit,14586
2026-08-27T07:33:04Z,all_core,511,96.2,NA,1.56,0,4507.2,4566.5,4510.4,4541.7,4428.6,4507.8,4466.8,4507.2,4510.4,4642.1,4650.0,5137.9,5137.9,100.0,19.42,11.0,NA,thermal_near_limit,14586
2026-08-27T07:33:07Z,all_core,513,96.4,NA,64.58,0,4511.6,4566.7,4520.7,4566.7,4450.8,4491.8,4516.6,4511.6,4520.7,4642.1,4650.0,5137.9,5137.9,100.0,19.38,11.0,NA,thermal_near_limit,14586
2026-08-27T07:33:10Z,all_core,516,96.6,NA,59.24,0,4523.9,4566.8,4522.9,4566.7,4466.3,4566.8,4566.7,4523.9,4522.9,4642.1,4650.0,5137.9,5137.9,100.0,19.38,11.0,NA,thermal_near_limit,14586
2026-08-27T07:33:12Z,all_core,519,96.5,NA,58.56,0,4491.5,4566.6,4485.5,4565.8,4441.9,4566.6,4565.8,4491.5,4485.5,4642.1,4650.0,5137.9,5137.9,100.0,19.19,11.0,NA,thermal_near_limit,14586
2026-08-27T07:33:15Z,all_core,521,96.2,NA,62.84,0,4502.3,4541.7,4516.4,4566.7,4441.6,4441.8,4491.4,4502.3,4516.4,4642.1,4650.0,5137.9,5137.9,100.0,19.19,11.0,NA,thermal_near_limit,14586
2026-08-27T07:33:18Z,all_core,524,96.2,NA,61.13,0,4527.0,4566.7,4525.7,4566.7,4463.6,4466.5,4456.3,4527.0,4525.7,4642.1,4650.0,5137.9,5137.9,100.0,19.50,11.0,NA,thermal_near_limit,14586
2026-08-27T07:33:21Z,all_core,527,96.5,NA,56.56,0,4525.6,4566.7,4523.5,4566.7,4473.2,4491.6,4503.2,4525.6,4523.5,4642.1,4650.0,5137.9,5137.9,100.0,19.50,11.0,NA,thermal_near_limit,14586
2026-08-27T07:33:23Z,all_core,530,96.5,NA,58.84,0,4514.1,4566.7,4509.1,4566.6,4437.1,4566.6,4566.2,4514.1,4509.1,4642.1,4650.0,5137.9,5137.9,100.0,19.54,11.1,NA,thermal_near_limit,14586
2026-08-27T07:33:26Z,all_core,533,96.4,NA,59.62,0,4493.1,4540.6,4502.4,4565.9,4441.9,4491.7,4491.7,4493.1,4502.4,4642.1,4650.0,5137.9,5137.9,100.0,19.54,11.0,NA,thermal_near_limit,14586
2026-08-27T07:33:29Z,all_core,535,96.1,NA,58.02,0,4510.2,4566.7,4511.3,4566.7,4449.8,4566.7,4531.8,4510.2,4511.3,4642.1,4650.0,5137.9,5137.9,100.0,19.41,11.0,NA,thermal_near_limit,14586
2026-08-27T07:33:32Z,all_core,538,96.1,NA,60.60,0,4510.8,4541.8,4512.9,4566.7,4466.4,4466.4,4480.5,4510.8,4512.9,4642.1,4650.0,5137.9,5137.9,100.0,19.30,11.0,NA,thermal_near_limit,14586
2026-08-27T07:33:35Z,all_core,541,96.2,NA,56.56,0,4507.4,4541.7,4506.0,4541.7,4458.3,4507.0,4492.2,4507.4,4506.0,4642.1,4650.0,5137.9,5137.9,100.0,19.30,11.1,NA,thermal_near_limit,14586
2026-08-27T07:33:38Z,all_core,544,96.2,NA,52.88,0,4492.6,4566.7,4497.3,4541.8,4408.9,4475.7,4491.8,4492.6,4497.3,4642.1,4650.0,5137.9,5137.9,100.0,19.28,11.0,NA,thermal_near_limit,14586
2026-08-27T07:33:40Z,all_core,547,96.2,NA,57.39,0,4524.3,4566.6,4518.2,4566.7,4466.4,4540.8,4466.8,4524.3,4518.2,4642.1,4650.0,5137.9,5137.9,100.0,19.28,11.0,NA,thermal_near_limit,14586
2026-08-27T07:33:43Z,all_core,549,96.2,NA,57.56,0,4513.1,4541.8,4520.8,4541.7,4466.6,4466.8,4516.6,4513.1,4520.8,4642.1,4650.0,5137.9,5137.9,100.0,19.41,11.0,NA,thermal_near_limit,14586
2026-08-27T07:33:46Z,all_core,552,96.2,NA,3.07,0,4505.4,4541.7,4503.0,4541.6,4450.4,4541.5,4491.8,4505.4,4503.0,4642.1,4650.0,5137.9,5137.9,100.0,19.41,11.1,NA,thermal_near_limit,14586
2026-08-27T07:33:49Z,all_core,555,96.4,NA,54.76,0,4499.2,4541.7,4499.5,4541.7,4440.7,4491.8,4491.7,4499.2,4499.5,4642.1,4650.0,5137.9,5137.9,100.0,19.30,11.0,NA,thermal_near_limit,14586
2026-08-27T07:33:52Z,all_core,558,96.1,NA,57.76,0,4513.5,4566.7,4518.0,4566.6,4457.4,4491.7,4463.0,4513.5,4518.0,4642.1,4650.0,5137.9,5137.9,100.0,19.30,11.0,NA,thermal_near_limit,14586
2026-08-27T07:33:54Z,all_core,561,96.2,NA,58.97,0,4514.6,4566.3,4524.2,4566.6,4466.6,4516.4,4491.8,4514.6,4524.2,4642.1,4650.0,5137.9,5137.9,100.0,19.36,11.0,NA,thermal_near_limit,14586
2026-08-27T07:33:57Z,all_core,563,96.4,NA,62.97,0,4503.1,4566.6,4505.7,4566.6,4449.9,4516.1,4466.9,4503.1,4505.7,4642.1,4650.0,5137.9,5137.9,100.0,19.49,11.1,NA,thermal_near_limit,14586
2026-08-27T07:34:00Z,all_core,566,96.5,NA,56.03,0,4494.3,4516.8,4501.3,4542.7,4466.3,4516.6,4505.5,4494.3,4501.3,4642.1,4650.0,5137.9,5137.9,100.0,19.49,11.0,NA,thermal_near_limit,14586
2026-08-27T07:34:03Z,all_core,569,96.6,NA,55.24,0,4520.2,4566.7,4529.4,4566.7,4455.0,4466.8,4491.8,4520.2,4529.4,4642.1,4650.0,5137.9,5137.9,100.0,19.45,11.0,NA,thermal_near_limit,14586
2026-08-27T07:34:06Z,all_core,572,96.6,NA,55.23,0,4511.8,4566.7,4517.2,4566.7,4462.9,4566.7,4541.7,4511.8,4517.2,4642.1,4650.0,5137.9,5137.9,100.0,19.45,11.0,NA,thermal_near_limit,14586
2026-08-27T07:34:08Z,all_core,575,96.2,NA,62.72,0,4498.3,4541.8,4506.2,4541.7,4441.9,4466.8,4516.7,4498.3,4506.2,4642.1,4650.0,5137.9,5137.9,100.0,19.33,11.1,NA,thermal_near_limit,14586
2026-08-27T07:34:11Z,all_core,577,96.2,NA,63.28,0,4492.1,4541.5,4489.2,4541.7,4441.9,4466.8,4404.9,4492.1,4489.2,4642.1,4650.0,5137.9,5137.9,100.0,19.33,11.0,NA,thermal_near_limit,14586
2026-08-27T07:34:14Z,all_core,580,96.1,NA,59.33,0,4515.2,4546.2,4521.4,4541.7,4466.6,4466.8,4516.5,4515.2,4521.4,4642.1,4650.0,5137.9,5137.9,100.0,19.23,11.0,NA,thermal_near_limit,14586
2026-08-27T07:34:17Z,all_core,583,96.1,NA,58.99,0,4513.2,4541.7,4513.6,4566.7,4462.6,4491.6,4491.8,4513.2,4513.6,4642.1,4650.0,5137.9,5137.9,100.0,19.29,11.0,NA,thermal_near_limit,14586
2026-08-27T07:34:20Z,all_core,586,96.1,NA,1.04,0,4484.5,4541.7,4487.2,4566.6,4416.9,4540.9,4539.2,4484.5,4487.2,4642.1,4650.0,5137.9,5137.9,100.0,19.29,11.0,NA,thermal_near_limit,14586
2026-08-27T07:34:22Z,all_core,589,96.1,NA,59.15,0,4510.1,4566.7,4512.5,4566.6,4441.0,4482.9,4491.6,4510.1,4512.5,4642.1,4650.0,5137.9,5137.9,100.0,19.35,11.0,NA,thermal_near_limit,14586
2026-08-27T07:34:25Z,all_core,591,96.2,NA,61.53,0,4512.9,4566.6,4504.3,4566.6,4466.7,4516.4,4466.6,4512.9,4504.3,4642.1,4650.0,5137.9,5137.9,100.0,19.35,11.0,NA,thermal_near_limit,14586
2026-08-27T07:34:28Z,all_core,594,96.5,NA,55.40,0,4529.1,4566.7,4530.3,4566.7,4449.9,4516.4,4466.8,4529.1,4530.3,4642.1,4650.0,5137.9,5137.9,100.0,20.68,11.0,NA,thermal_near_limit,14586
2026-08-27T07:34:31Z,all_core,597,96.8,NA,59.83,0,4522.6,4566.7,4523.9,4566.7,4466.4,4566.7,4566.1,4522.6,4523.9,4642.1,4650.0,5137.9,5137.9,100.0,20.68,11.1,NA,thermal_near_limit,14586
2026-08-27T07:34:34Z,all_core,600,96.6,NA,54.53,0,4497.0,4566.6,4504.2,4566.7,4464.5,4466.8,4491.9,4497.0,4504.2,4642.1,4650.0,5137.9,5137.9,100.0,20.46,11.1,NA,thermal_near_limit,14586
2026-08-27T07:34:36Z,all_core,603,96.1,NA,62.16,0,4514.9,4541.8,4515.3,4565.8,4466.5,4470.1,4469.8,4514.9,4515.3,4642.1,4650.0,5137.9,5137.9,100.0,20.46,11.1,NA,thermal_near_limit,14586
2026-08-27T07:34:39Z,all_core,605,96.2,NA,59.62,0,4518.4,4541.7,4518.0,4566.2,4463.2,4491.4,4468.4,4518.4,4518.0,4642.1,4650.0,5137.9,5137.9,100.0,20.27,11.1,NA,thermal_near_limit,14586
2026-08-27T07:34:42Z,all_core,608,96.4,NA,62.75,0,4514.8,4566.5,4506.9,4566.2,4466.8,4516.2,4491.1,4514.8,4506.9,4642.1,4650.0,5137.9,5137.9,100.0,20.09,11.1,NA,thermal_near_limit,14586
2026-08-27T07:34:45Z,all_core,611,96.4,NA,59.29,0,4480.7,4540.7,4483.8,4541.4,4441.9,4466.7,4456.3,4480.7,4483.8,4642.1,4650.0,5137.9,5137.9,100.0,20.09,11.1,NA,thermal_near_limit,14586
2026-08-27T07:34:48Z,all_core,614,96.2,NA,57.72,0,4522.1,4566.5,4517.6,4566.7,4466.7,4491.9,4466.8,4522.1,4517.6,4642.1,4650.0,5137.9,5137.9,100.0,20.00,11.0,NA,thermal_near_limit,14586
2026-08-27T07:34:50Z,all_core,617,96.6,NA,61.89,0,4519.1,4566.7,4530.0,4566.7,4465.8,4465.8,4466.8,4519.1,4530.0,4642.1,4650.0,5137.9,5137.9,100.0,20.00,11.0,NA,thermal_near_limit,14586
2026-08-27T07:34:53Z,all_core,619,96.6,NA,52.73,0,4513.5,4565.7,4518.0,4566.6,4448.1,4491.7,4491.6,4513.5,4518.0,4642.1,4650.0,5137.9,5137.9,100.0,19.92,11.1,NA,thermal_near_limit,14586
2026-08-27T07:34:56Z,all_core,622,96.6,NA,53.68,0,4492.4,4516.8,4493.7,4540.3,4464.4,4465.6,4516.6,4492.4,4493.7,4642.1,4650.0,5137.9,5137.9,100.0,19.92,11.0,NA,thermal_near_limit,14586
2026-08-27T07:34:59Z,all_core,625,96.5,NA,59.09,0,4528.3,4566.7,4528.9,4566.6,4466.8,4566.6,4506.5,4528.3,4528.9,4642.1,4650.0,5137.9,5137.9,100.0,19.84,11.0,NA,thermal_near_limit,14586
2026-08-27T07:35:02Z,all_core,628,96.6,NA,64.55,0,4498.9,4541.6,4502.6,4566.6,4452.5,4452.5,4466.5,4498.9,4502.6,4642.1,4650.0,5137.9,5137.9,100.0,19.84,11.1,NA,thermal_near_limit,14586
2026-08-27T07:35:04Z,all_core,631,96.5,NA,63.14,0,4511.2,4566.7,4505.4,4566.7,4441.9,4491.8,4491.8,4511.2,4505.4,4642.1,4650.0,5137.9,5137.9,100.0,19.78,11.1,NA,thermal_near_limit,14586
2026-08-27T07:35:07Z,all_core,633,96.4,NA,56.94,0,4484.8,4516.8,4482.4,4516.8,4441.7,4466.9,4516.8,4484.8,4482.4,4642.1,4650.0,5137.9,5137.9,100.0,19.79,11.1,NA,thermal_near_limit,14586
2026-08-27T07:35:10Z,all_core,636,96.1,NA,64.00,0,4514.8,4541.7,4506.3,4541.7,4463.0,4491.8,4491.2,4514.8,4506.3,4642.1,4650.0,5137.9,5137.9,100.0,19.79,11.1,NA,thermal_near_limit,14586
2026-08-27T07:35:13Z,all_core,639,96.1,NA,58.99,0,4511.4,4541.7,4511.0,4541.7,4461.6,4465.6,4466.7,4511.4,4511.0,4642.1,4650.0,5137.9,5137.9,100.0,19.65,11.1,NA,thermal_near_limit,14586
2026-08-27T07:35:16Z,all_core,642,96.2,NA,64.34,0,4530.6,4566.7,4537.9,4566.7,4455.8,4455.8,4532.8,4530.6,4537.9,4642.1,4650.0,5137.9,5137.9,100.0,19.65,11.0,NA,thermal_near_limit,14586
2026-08-27T07:35:18Z,all_core,645,96.2,NA,55.37,0,4494.3,4566.7,4496.8,4566.6,4441.9,4566.5,4566.6,4494.3,4496.8,4642.1,4650.0,5137.9,5137.9,100.0,19.76,11.1,NA,thermal_near_limit,14586
2026-08-27T07:35:21Z,all_core,647,96.1,NA,7.53,0,4508.2,4541.8,4516.1,4566.7,4462.3,4493.8,4516.8,4508.2,4516.1,4642.1,4650.0,5137.9,5137.9,100.0,19.76,11.0,NA,thermal_near_limit,14586
2026-08-27T07:35:24Z,all_core,650,96.1,NA,55.89,0,4524.4,4566.6,4527.9,4566.5,4466.8,4541.7,4544.6,4524.4,4527.9,4642.1,4650.0,5137.9,5137.9,100.0,19.62,11.0,NA,thermal_near_limit,14586
2026-08-27T07:35:27Z,all_core,653,96.2,NA,57.96,0,4513.9,4541.7,4512.0,4541.7,4460.3,4511.1,4491.7,4513.9,4512.0,4642.1,4650.0,5137.9,5137.9,100.0,19.49,11.0,NA,thermal_near_limit,14586
2026-08-27T07:35:30Z,all_core,656,96.4,NA,57.16,0,4490.7,4541.3,4498.5,4541.5,4441.9,4476.9,4491.5,4490.7,4498.5,4642.1,4650.0,5137.9,5137.9,100.0,19.49,11.0,NA,thermal_near_limit,14586
2026-08-27T07:35:32Z,all_core,659,96.4,NA,3.80,0,4508.5,4566.6,4504.2,4566.2,4466.8,4516.7,4491.6,4508.5,4504.2,4642.1,4650.0,5137.9,5137.9,100.0,19.77,11.0,NA,thermal_near_limit,14586
2026-08-27T07:35:35Z,all_core,661,96.6,NA,58.64,0,4499.8,4566.7,4505.9,4565.7,4412.6,4437.2,4491.6,4499.8,4505.9,4642.1,4650.0,5137.9,5137.9,100.0,19.77,11.0,NA,thermal_near_limit,14586
2026-08-27T07:35:38Z,all_core,664,96.6,NA,58.92,0,4521.4,4566.7,4526.3,4566.6,4465.7,4541.0,4538.5,4521.4,4526.3,4642.1,4650.0,5137.9,5137.9,100.0,19.55,11.0,NA,thermal_near_limit,14586
2026-08-27T07:35:40Z,all_core,667,96.9,NA,65.34,0,4526.5,4566.7,4530.3,4566.7,4425.5,4566.7,4566.6,4526.5,4530.3,4642.1,4650.0,5137.9,5137.9,100.0,19.55,11.0,NA,thermal_near_limit,14586
2026-08-27T07:35:43Z,all_core,669,96.9,NA,61.45,0,4467.5,4516.8,4463.5,4516.6,4416.8,4491.8,4466.8,4467.5,4463.5,4642.1,4650.0,5137.9,5137.9,100.0,19.42,11.0,NA,thermal_near_limit,14586
2026-08-27T07:35:46Z,all_core,672,96.4,NA,56.58,0,4510.1,4541.7,4513.2,4541.8,4451.3,4541.3,4491.8,4510.1,4513.2,4642.1,4650.0,5137.9,5137.9,100.0,19.42,11.0,NA,thermal_near_limit,14586
2026-08-27T07:35:49Z,all_core,675,96.2,NA,58.46,0,4513.3,4566.4,4513.3,4566.7,4466.6,4566.4,4491.8,4513.3,4513.3,4642.1,4650.0,5137.9,5137.9,100.0,19.31,11.0,NA,thermal_near_limit,14586
2026-08-27T07:35:52Z,all_core,678,96.6,NA,58.25,0,4516.6,4566.7,4521.7,4566.7,4439.8,4507.7,4467.7,4516.6,4521.7,4642.1,4650.0,5137.9,5137.9,100.0,19.31,11.0,NA,thermal_near_limit,14586
2026-08-27T07:35:54Z,all_core,681,96.8,NA,59.34,0,4505.4,4566.6,4514.0,4566.6,4416.9,4466.9,4491.8,4505.4,4514.0,4642.1,4650.0,5137.9,5137.9,100.0,19.28,11.1,NA,thermal_near_limit,14586
2026-08-27T07:35:57Z,all_core,683,96.8,NA,58.23,0,4520.3,4566.7,4527.6,4566.7,4466.7,4516.6,4516.2,4520.3,4527.6,4642.1,4650.0,5137.9,5137.9,100.0,19.34,11.0,NA,thermal_near_limit,14586
2026-08-27T07:36:00Z,all_core,686,96.5,NA,64.92,0,4510.2,4566.6,4513.0,4565.9,4455.5,4566.6,4540.2,4510.2,4513.0,4642.1,4650.0,5137.9,5137.9,100.0,19.34,11.0,NA,thermal_near_limit,14586
2026-08-27T07:36:03Z,all_core,689,96.5,NA,61.05,0,4532.1,4566.6,4522.9,4566.7,4491.7,4516.6,4516.8,4532.1,4522.9,4642.1,4650.0,5137.9,5137.9,100.0,19.31,11.0,NA,thermal_near_limit,14586
2026-08-27T07:36:06Z,all_core,692,96.4,NA,62.99,0,4489.9,4541.7,4502.7,4566.2,4441.8,4453.7,4466.8,4489.9,4502.7,4642.1,4650.0,5137.9,5137.9,100.0,19.31,11.0,NA,thermal_near_limit,14586
2026-08-27T07:36:08Z,all_core,695,96.2,NA,64.40,0,4506.6,4541.7,4511.4,4541.8,4441.1,4466.7,4466.9,4506.6,4511.4,4642.1,4650.0,5137.9,5137.9,100.0,19.37,11.0,NA,thermal_near_limit,14586
2026-08-27T07:36:11Z,all_core,697,96.1,NA,59.04,0,4517.5,4566.6,4518.5,4566.7,4432.5,4566.6,4542.4,4517.5,4518.5,4642.1,4650.0,5137.9,5137.9,100.0,19.37,11.0,NA,thermal_near_limit,14586
2026-08-27T07:36:14Z,all_core,700,96.4,NA,61.77,0,4508.8,4566.7,4502.0,4545.1,4441.9,4566.7,4538.8,4508.8,4502.0,4642.1,4650.0,5137.9,5137.9,100.0,19.42,11.1,NA,thermal_near_limit,14586
2026-08-27T07:36:17Z,all_core,703,96.4,NA,55.56,0,4489.7,4541.6,4496.6,4541.5,4441.9,4512.2,4515.6,4489.7,4496.6,4642.1,4650.0,5137.9,5137.9,100.0,19.47,11.0,NA,thermal_near_limit,14586
2026-08-27T07:36:20Z,all_core,706,96.2,NA,56.60,0,4509.7,4544.0,4521.8,4566.7,4449.5,4473.9,4491.7,4509.7,4521.8,4642.1,4650.0,5137.9,5137.9,100.0,19.47,11.0,NA,thermal_near_limit,14586
2026-08-27T07:36:23Z,all_core,709,96.2,NA,59.02,0,4521.2,4565.2,4520.4,4566.7,4466.0,4516.5,4545.0,4521.2,4520.4,4642.1,4650.0,5137.9,5137.9,100.0,19.67,11.0,NA,thermal_near_limit,14586
2026-08-27T07:36:25Z,all_core,712,96.4,NA,53.03,0,4503.3,4566.7,4506.4,4566.1,4424.4,4473.4,4491.2,4503.3,4506.4,4642.1,4650.0,5137.9,5137.9,100.0,19.67,11.0,NA,thermal_near_limit,14586
2026-08-27T07:36:28Z,all_core,714,96.5,NA,60.21,0,4501.4,4541.7,4501.7,4541.7,4441.7,4510.6,4466.9,4501.4,4501.7,4642.1,4650.0,5137.9,5137.9,100.0,20.82,11.0,NA,thermal_near_limit,14586
2026-08-27T07:36:31Z,all_core,717,96.5,NA,53.15,0,4507.3,4544.1,4512.1,4566.5,4457.0,4541.4,4516.4,4507.3,4512.1,4642.1,4650.0,5137.9,5137.9,100.0,20.82,11.0,NA,thermal_near_limit,14586
2026-08-27T07:36:34Z,all_core,720,96.4,NA,57.11,0,4507.2,4566.7,4503.9,4541.6,4466.5,4491.3,4466.8,4507.2,4503.9,4642.1,4650.0,5137.9,5137.9,100.0,20.59,11.0,NA,thermal_near_limit,14586
2026-08-27T07:36:37Z,all_core,723,96.5,NA,56.68,0,4500.3,4566.3,4510.3,4566.6,4436.2,4491.8,4491.9,4500.3,4510.3,4642.1,4650.0,5137.9,5137.9,100.0,20.59,11.0,NA,thermal_near_limit,14586
2026-08-27T07:36:39Z,all_core,726,96.5,NA,55.93,0,4497.5,4546.0,4504.4,4565.9,4441.7,4491.5,4465.9,4497.5,4504.4,4642.1,4650.0,5137.9,5137.9,100.0,20.38,11.0,NA,thermal_near_limit,14586
2026-08-27T07:36:42Z,all_core,728,96.6,NA,59.24,0,4511.9,4566.7,4507.2,4566.0,4444.5,4464.6,4491.0,4511.9,4507.2,4642.1,4650.0,5137.9,5137.9,100.0,20.51,11.0,NA,thermal_near_limit,14586
2026-08-27T07:36:45Z,all_core,731,96.5,NA,57.69,0,4519.0,4565.8,4520.7,4566.7,4466.8,4541.6,4566.7,4519.0,4520.7,4642.1,4650.0,5137.9,5137.9,100.0,20.51,11.0,NA,thermal_near_limit,14586
2026-08-27T07:36:48Z,all_core,734,96.5,NA,57.99,0,4515.1,4566.7,4520.5,4566.6,4450.3,4465.0,4541.7,4515.1,4520.5,4642.1,4650.0,5137.9,5137.9,100.0,20.39,11.0,NA,thermal_near_limit,14586
2026-08-27T07:36:51Z,all_core,737,96.6,NA,53.39,0,4491.9,4566.5,4488.3,4540.3,4441.7,4566.5,4538.9,4491.9,4488.3,4642.1,4650.0,5137.9,5137.9,100.0,20.39,11.0,NA,thermal_near_limit,14586
2026-08-27T07:36:53Z,all_core,740,96.5,NA,62.59,0,4511.9,4541.7,4510.8,4566.6,4466.6,4539.9,4466.8,4511.9,4510.8,4642.1,4650.0,5137.9,5137.9,100.0,20.28,11.0,NA,thermal_near_limit,14586
2026-08-27T07:36:56Z,all_core,742,96.8,NA,58.94,0,4487.6,4516.8,4489.5,4516.8,4416.7,4516.3,4461.1,4487.6,4489.5,4642.1,4650.0,5137.9,5137.9,100.0,20.28,11.0,NA,thermal_near_limit,14586
2026-08-27T07:36:59Z,all_core,745,96.9,NA,56.58,0,4521.9,4566.6,4519.1,4566.7,4459.4,4491.8,4536.5,4521.9,4519.1,4642.1,4650.0,5137.9,5137.9,100.0,20.34,11.0,NA,thermal_near_limit,14586
2026-08-27T07:37:02Z,all_core,748,97.0,NA,63.22,0,4505.8,4566.6,4503.0,4566.6,4464.9,4566.6,4566.5,4505.8,4503.0,4642.1,4650.0,5137.9,5137.9,100.0,20.31,11.0,NA,thermal_near_limit,14586
2026-08-27T07:37:05Z,all_core,751,97.0,NA,64.14,0,4518.2,4566.7,4517.8,4566.7,4441.9,4541.2,4482.9,4518.2,4517.8,4642.1,4650.0,5137.9,5137.9,100.0,20.31,11.0,NA,thermal_near_limit,14586
2026-08-27T07:37:07Z,all_core,754,96.9,NA,55.04,0,4517.6,4566.7,4531.0,4566.7,4466.3,4516.8,4516.7,4517.6,4531.0,4642.1,4650.0,5137.9,5137.9,100.0,20.29,11.0,NA,thermal_near_limit,14586
2026-08-27T07:37:10Z,all_core,756,96.6,NA,54.56,0,4515.9,4566.3,4505.4,4541.6,4466.8,4566.3,4491.6,4515.9,4505.4,4642.1,4650.0,5137.9,5137.9,100.0,20.29,11.0,NA,thermal_near_limit,14586
2026-08-27T07:37:13Z,all_core,759,96.8,NA,63.44,0,4511.8,4566.6,4503.0,4566.7,4466.1,4491.0,4453.5,4511.8,4503.0,4642.1,4650.0,5137.9,5137.9,100.0,20.10,11.0,NA,thermal_near_limit,14586
2026-08-27T07:37:16Z,all_core,762,97.0,NA,58.05,0,4501.2,4566.6,4504.8,4566.6,4441.9,4490.4,4466.8,4501.2,4504.8,4642.1,4650.0,5137.9,5137.9,100.0,20.10,11.0,NA,thermal_near_limit,14586
2026-08-27T07:37:18Z,all_core,765,97.0,NA,0.66,0,4526.6,4566.7,4526.2,4566.7,4454.1,4566.7,4565.2,4526.6,4526.2,4642.1,4650.0,5137.9,5137.9,100.0,20.01,11.0,NA,thermal_near_limit,14586
2026-08-27T07:37:21Z,all_core,767,97.0,NA,58.17,0,4533.6,4566.7,4541.9,4566.7,4441.1,4566.5,4566.6,4533.6,4541.9,4642.1,4650.0,5137.9,5137.9,100.0,20.01,11.1,NA,thermal_near_limit,14586
2026-08-27T07:37:24Z,all_core,770,96.9,NA,55.38,0,4499.9,4541.4,4508.6,4566.6,4447.7,4447.7,4491.5,4499.9,4508.6,4642.1,4650.0,5137.9,5137.9,100.0,19.93,11.0,NA,thermal_near_limit,14586
2026-08-27T07:37:26Z,all_core,773,97.1,NA,59.07,0,4495.9,4566.0,4501.6,4566.7,4416.9,4566.0,4566.7,4495.9,4501.6,4642.1,4650.0,5137.9,5137.9,100.0,19.93,11.0,NA,thermal_near_limit,14586
2026-08-27T07:37:29Z,all_core,776,96.8,NA,61.38,0,4465.1,4516.6,4469.2,4498.0,4416.8,4416.8,4441.7,4465.1,4469.2,4642.1,4650.0,5137.9,5137.9,100.0,19.86,11.2,NA,thermal_near_limit,14586
2026-08-27T07:37:32Z,all_core,778,96.8,NA,60.01,0,4518.6,4566.6,4519.1,4566.7,4466.8,4566.6,4565.5,4518.6,4519.1,4642.1,4650.0,5137.9,5137.9,100.0,19.79,11.2,NA,thermal_near_limit,14586
2026-08-27T07:37:35Z,all_core,781,96.9,NA,59.68,0,4523.7,4566.7,4524.3,4566.7,4441.9,4441.9,4441.9,4523.7,4524.3,4642.1,4650.0,5137.9,5137.9,100.0,19.79,11.1,NA,thermal_near_limit,14586
2026-08-27T07:37:38Z,all_core,784,96.6,NA,60.92,0,4483.0,4516.8,4478.6,4516.7,4432.9,4516.7,4516.5,4483.0,4478.6,4642.1,4650.0,5137.9,5137.9,100.0,19.73,11.1,NA,thermal_near_limit,14586
2026-08-27T07:37:40Z,all_core,787,96.6,NA,53.54,0,4496.9,4541.7,4497.1,4566.4,4441.9,4491.4,4441.9,4496.9,4497.1,4642.1,4650.0,5137.9,5137.9,100.0,19.73,11.1,NA,thermal_near_limit,14586
2026-08-27T07:37:43Z,all_core,789,96.4,NA,63.82,0,4520.1,4541.8,4511.5,4566.6,4466.8,4538.7,4526.6,4520.1,4511.5,4642.1,4650.0,5137.9,5137.9,100.0,19.59,11.1,NA,thermal_near_limit,14586
2026-08-27T07:37:46Z,all_core,792,96.5,NA,58.89,0,4523.6,4566.7,4527.5,4566.7,4466.6,4466.9,4466.9,4523.6,4527.5,4642.1,4650.0,5137.9,5137.9,100.0,19.59,11.0,NA,thermal_near_limit,14586
2026-08-27T07:37:49Z,all_core,795,96.9,NA,60.23,0,4500.2,4541.7,4493.9,4566.5,4441.9,4541.7,4516.8,4500.2,4493.9,4642.1,4650.0,5137.9,5137.9,100.0,19.54,11.0,NA,thermal_near_limit,14586
2026-08-27T07:37:51Z,all_core,798,96.6,NA,53.57,0,4501.7,4545.2,4507.2,4566.5,4465.7,4545.2,4538.4,4501.7,4507.2,4642.1,4650.0,5137.9,5137.9,100.0,19.54,11.0,NA,thermal_near_limit,14586
2026-08-27T07:37:54Z,all_core,800,96.5,NA,56.74,0,4515.1,4565.6,4515.5,4566.7,4428.6,4565.6,4452.6,4515.1,4515.5,4642.1,4650.0,5137.9,5137.9,100.0,19.34,11.0,NA,thermal_near_limit,14586
2026-08-27T07:37:57Z,all_core,803,96.5,NA,59.58,0,4507.5,4566.2,4521.7,4566.4,4453.8,4466.4,4478.1,4507.5,4521.7,4642.1,4650.0,5137.9,5137.9,100.0,19.31,11.0,NA,thermal_near_limit,14586
2026-08-27T07:38:00Z,all_core,806,96.6,NA,64.23,0,4502.2,4566.1,4505.9,4547.0,4448.7,4516.7,4541.7,4502.2,4505.9,4642.1,4650.0,5137.9,5137.9,100.0,19.31,11.0,NA,thermal_near_limit,14586
2026-08-27T07:38:03Z,all_core,809,96.8,NA,61.07,0,4499.6,4541.7,4508.1,4565.7,4441.8,4456.6,4565.7,4499.6,4508.1,4642.1,4650.0,5137.9,5137.9,100.0,19.28,11.0,NA,thermal_near_limit,14586
2026-08-27T07:38:05Z,all_core,812,96.9,NA,59.22,0,4516.6,4566.7,4519.8,4566.6,4451.9,4490.9,4462.1,4516.6,4519.8,4642.1,4650.0,5137.9,5137.9,100.0,19.28,11.0,NA,thermal_near_limit,14586
2026-08-27T07:38:08Z,all_core,814,96.9,NA,63.53,0,4524.7,4566.7,4531.7,4566.7,4466.6,4566.3,4541.6,4524.7,4531.7,4642.1,4650.0,5137.9,5137.9,100.0,19.34,11.0,NA,thermal_near_limit,14586
2026-08-27T07:38:11Z,all_core,817,97.1,NA,59.10,0,4506.9,4566.1,4509.4,4566.7,4466.6,4491.0,4459.5,4506.9,4509.4,4642.1,4650.0,5137.9,5137.9,100.0,19.34,11.0,NA,thermal_near_limit,14586
2026-08-27T07:38:14Z,all_core,820,97.0,NA,0.19,0,4505.6,4566.7,4506.7,4566.7,4441.7,4566.7,4566.5,4505.6,4506.7,4642.1,4650.0,5137.9,5137.9,100.0,19.15,11.0,NA,thermal_near_limit,14586
2026-08-27T07:38:17Z,all_core,823,96.9,NA,56.74,0,4529.6,4566.7,4527.1,4566.7,4441.6,4566.5,4566.7,4529.6,4527.1,4642.1,4650.0,5137.9,5137.9,100.0,19.15,11.0,NA,thermal_near_limit,14586
2026-08-27T07:38:19Z,all_core,826,96.8,NA,57.20,0,4479.7,4516.7,4491.4,4564.8,4452.6,4516.7,4489.4,4479.7,4491.4,4642.1,4650.0,5137.9,5137.9,100.0,19.22,11.0,NA,thermal_near_limit,14586
2026-08-27T07:38:22Z,all_core,828,97.0,NA,61.29,0,4522.1,4566.7,4521.6,4566.6,4465.7,4566.5,4566.4,4522.1,4521.6,4642.1,4650.0,5137.9,5137.9,100.0,19.28,11.0,NA,thermal_near_limit,14586
2026-08-27T07:38:25Z,all_core,831,97.1,NA,60.78,0,4520.9,4566.7,4519.3,4566.6,4441.9,4516.8,4541.0,4520.9,4519.3,4642.1,4650.0,5137.9,5137.9,100.0,19.28,11.0,NA,thermal_near_limit,14586
2026-08-27T07:38:28Z,all_core,834,97.0,NA,56.68,0,4513.5,4566.7,4507.2,4566.7,4466.0,4566.7,4566.6,4513.5,4507.2,4642.1,4650.0,5137.9,5137.9,100.0,19.18,11.0,NA,thermal_near_limit,14586
2026-08-27T07:38:30Z,all_core,837,97.1,NA,60.46,0,4528.2,4566.7,4530.7,4566.7,4491.7,4566.6,4538.1,4528.2,4530.7,4642.1,4650.0,5137.9,5137.9,100.0,19.18,11.0,NA,thermal_near_limit,14586
2026-08-27T07:38:33Z,all_core,839,96.8,NA,61.92,0,4513.6,4566.6,4512.3,4566.6,4466.9,4539.9,4566.6,4513.6,4512.3,4642.1,4650.0,5137.9,5137.9,100.0,19.17,11.1,NA,thermal_near_limit,14586
2026-08-27T07:38:36Z,all_core,842,96.6,NA,58.16,0,4503.0,4566.7,4508.9,4566.4,4465.5,4466.8,4516.8,4503.0,4508.9,4642.1,4650.0,5137.9,5137.9,100.0,19.17,11.0,NA,thermal_near_limit,14586
2026-08-27T07:38:39Z,all_core,845,96.5,NA,4.95,0,4499.9,4566.7,4510.1,4566.7,4457.0,4566.1,4566.0,4499.9,4510.1,4642.1,4650.0,5137.9,5137.9,100.0,19.47,11.0,NA,thermal_near_limit,14586
2026-08-27T07:38:42Z,all_core,848,96.6,NA,55.96,0,4510.1,4541.7,4513.3,4541.7,4451.4,4540.3,4541.1,4510.1,4513.3,4642.1,4650.0,5137.9,5137.9,100.0,19.47,11.0,NA,thermal_near_limit,14586
2026-08-27T07:38:44Z,all_core,851,96.9,NA,53.43,0,4514.6,4566.6,4520.2,4566.7,4441.7,4566.6,4541.7,4514.6,4520.2,4642.1,4650.0,5137.9,5137.9,100.0,19.44,11.0,NA,thermal_near_limit,14586
2026-08-27T07:38:47Z,all_core,853,96.8,NA,61.14,0,4513.4,4541.7,4517.0,4566.7,4466.5,4508.5,4566.7,4513.4,4517.0,4642.1,4650.0,5137.9,5137.9,100.0,19.48,11.0,NA,thermal_near_limit,14586
2026-08-27T07:38:50Z,all_core,856,96.8,NA,51.56,0,4517.2,4566.6,4518.4,4566.7,4466.8,4566.6,4566.6,4517.2,4518.4,4642.1,4650.0,5137.9,5137.9,100.0,19.48,11.0,NA,thermal_near_limit,14586
2026-08-27T07:38:53Z,all_core,859,96.6,NA,56.99,0,4511.7,4566.7,4521.0,4566.7,4466.6,4513.9,4539.5,4511.7,4521.0,4642.1,4650.0,5137.9,5137.9,100.0,19.36,11.0,NA,thermal_near_limit,14586
2026-08-27T07:38:55Z,all_core,862,96.5,NA,55.35,0,4500.8,4541.6,4497.6,4541.7,4450.2,4541.6,4491.3,4500.8,4497.6,4642.1,4650.0,5137.9,5137.9,100.0,19.36,11.0,NA,thermal_near_limit,14586
2026-08-27T07:38:58Z,all_core,864,96.5,NA,57.67,0,4507.2,4541.7,4511.9,4541.7,4465.8,4541.2,4516.8,4507.2,4511.9,4642.1,4650.0,5137.9,5137.9,100.0,19.17,11.0,NA,thermal_near_limit,14586
2026-08-27T07:39:01Z,all_core,867,96.8,NA,63.10,0,4483.1,4541.3,4495.6,4566.4,4415.2,4466.8,4491.8,4483.1,4495.6,4642.1,4650.0,5137.9,5137.9,100.0,19.17,11.0,NA,thermal_near_limit,14586
2026-08-27T07:39:04Z,all_core,870,96.8,NA,60.71,0,4476.7,4516.8,4483.7,4525.7,4404.7,4465.6,4491.7,4476.7,4483.7,4642.1,4650.0,5137.9,5137.9,100.0,19.00,11.0,NA,thermal_near_limit,14586
2026-08-27T07:39:07Z,all_core,873,96.6,NA,60.94,0,4506.7,4541.8,4508.0,4541.9,4456.3,4516.2,4491.4,4506.7,4508.0,4642.1,4650.0,5137.9,5137.9,100.0,19.00,11.1,NA,thermal_near_limit,14586
2026-08-27T07:39:09Z,all_core,876,96.5,NA,58.95,0,4515.8,4566.0,4520.1,4566.6,4486.1,4516.7,4462.0,4515.8,4520.1,4642.1,4650.0,5137.9,5137.9,100.0,19.00,11.0,NA,thermal_near_limit,14586
2026-08-27T07:39:12Z,all_core,878,96.6,NA,58.22,0,4508.9,4541.8,4518.2,4566.6,4442.6,4516.7,4566.6,4508.9,4518.2,4642.1,4650.0,5137.9,5137.9,100.0,19.00,11.0,NA,thermal_near_limit,14586
2026-08-27T07:39:15Z,all_core,881,97.0,NA,0.61,0,4499.5,4541.1,4490.4,4541.7,4465.9,4491.8,4442.1,4499.5,4490.4,4642.1,4650.0,5137.9,5137.9,100.0,19.00,11.0,NA,thermal_near_limit,14586
2026-08-27T07:39:18Z,all_core,884,96.9,NA,59.18,0,4497.9,4546.9,4505.3,4541.7,4451.7,4460.9,4541.7,4497.9,4505.3,4642.1,4650.0,5137.9,5137.9,100.0,19.16,11.0,NA,thermal_near_limit,14586
2026-08-27T07:39:21Z,all_core,887,96.8,NA,57.20,0,4509.2,4541.7,4514.8,4566.7,4423.9,4491.8,4566.7,4509.2,4514.8,4642.1,4650.0,5137.9,5137.9,100.0,19.16,11.0,NA,thermal_near_limit,14586
2026-08-27T07:39:24Z,all_core,890,96.6,NA,56.17,0,4519.0,4566.2,4516.3,4566.2,4466.4,4481.2,4491.8,4519.0,4516.3,4642.1,4650.0,5137.9,5137.9,100.0,19.15,11.0,NA,thermal_near_limit,14586
2026-08-27T07:39:26Z,all_core,893,96.8,NA,62.58,0,4515.1,4566.7,4513.8,4566.7,4466.5,4566.7,4541.6,4515.1,4513.8,4642.1,4650.0,5137.9,5137.9,100.0,19.15,11.0,NA,thermal_near_limit,14586
2026-08-27T07:39:29Z,all_core,895,97.0,NA,57.75,0,4503.3,4541.7,4503.9,4566.7,4441.2,4539.9,4541.6,4503.3,4503.9,4642.1,4650.0,5137.9,5137.9,100.0,19.13,11.0,NA,thermal_near_limit,14586
2026-08-27T07:39:32Z,all_core,898,97.0,NA,60.52,0,4519.4,4566.6,4526.7,4566.7,4466.7,4491.7,4449.4,4519.4,4526.7,4642.1,4650.0,5137.9,5137.9,100.0,19.04,11.0,NA,thermal_near_limit,14586
2026-08-27T07:39:35Z,all_core,901,96.9,NA,56.55,0,4516.0,4566.7,4525.1,4566.7,4441.9,4466.7,4509.9,4516.0,4525.1,4642.1,4650.0,5137.9,5137.9,100.0,19.04,11.0,NA,thermal_near_limit,14586
2026-08-27T07:39:38Z,all_core,904,97.0,NA,0.33,0,4518.3,4566.7,4520.0,4566.7,4465.1,4509.0,4516.8,4518.3,4520.0,4642.1,4650.0,5137.9,5137.9,100.0,18.96,11.0,NA,thermal_near_limit,14586
2026-08-27T07:39:40Z,all_core,907,96.9,NA,59.20,0,4492.3,4566.6,4498.6,4566.7,4440.4,4540.1,4457.5,4492.3,4498.6,4642.1,4650.0,5137.9,5137.9,100.0,18.96,11.0,NA,thermal_near_limit,14586
2026-08-27T07:39:43Z,all_core,909,96.8,NA,63.82,0,4487.9,4541.8,4492.7,4566.5,4428.2,4428.2,4466.5,4487.9,4492.7,4642.1,4650.0,5137.9,5137.9,100.0,18.88,11.0,NA,thermal_near_limit,14586
2026-08-27T07:39:46Z,all_core,912,96.6,NA,56.30,0,4508.3,4541.8,4511.0,4541.7,4466.6,4516.8,4541.7,4508.3,4511.0,4642.1,4650.0,5137.9,5137.9,100.0,18.88,11.0,NA,thermal_near_limit,14586
2026-08-27T07:39:49Z,all_core,915,96.5,NA,5.57,0,4505.0,4566.6,4514.4,4566.7,4453.6,4541.7,4541.6,4505.0,4514.4,4642.1,4650.0,5137.9,5137.9,100.0,19.93,11.0,NA,thermal_near_limit,14586
2026-08-27T07:39:51Z,all_core,918,96.6,NA,60.58,0,4503.9,4541.7,4511.6,4565.9,4441.7,4516.4,4565.9,4503.9,4511.6,4642.1,4650.0,5137.9,5137.9,100.0,19.93,11.0,NA,thermal_near_limit,14586
2026-08-27T07:39:54Z,all_core,920,96.5,NA,61.96,0,4502.7,4541.7,4500.6,4566.5,4441.9,4441.9,4441.6,4502.7,4500.6,4642.1,4650.0,5137.9,5137.9,100.0,19.86,11.0,NA,thermal_near_limit,14586
2026-08-27T07:39:57Z,all_core,923,96.5,NA,52.27,0,4516.5,4566.1,4518.4,4566.7,4466.8,4541.5,4522.7,4516.5,4518.4,4642.1,4650.0,5137.9,5137.9,100.0,19.95,11.0,NA,thermal_near_limit,14586
2026-08-27T07:40:00Z,all_core,926,96.9,NA,59.24,0,4523.5,4566.7,4521.6,4566.7,4435.8,4566.2,4542.1,4523.5,4521.6,4642.1,4650.0,5137.9,5137.9,100.0,19.95,11.0,NA,thermal_near_limit,14586
2026-08-27T07:40:03Z,all_core,929,96.9,NA,58.76,0,4501.6,4565.5,4506.1,4566.7,4448.4,4565.5,4523.7,4501.6,4506.1,4642.1,4650.0,5137.9,5137.9,100.0,20.03,11.0,NA,thermal_near_limit,14586
2026-08-27T07:40:05Z,all_core,932,97.0,NA,61.66,0,4512.4,4566.7,4505.4,4566.7,4464.1,4566.6,4516.7,4512.4,4505.4,4642.1,4650.0,5137.9,5137.9,100.0,20.03,11.0,NA,thermal_near_limit,14586
2026-08-27T07:40:08Z,all_core,934,96.9,NA,56.47,0,4504.0,4566.7,4510.5,4566.6,4465.3,4465.3,4516.7,4504.0,4510.5,4642.1,4650.0,5137.9,5137.9,100.0,19.87,11.0,NA,thermal_near_limit,14586
2026-08-27T07:40:11Z,all_core,937,96.8,NA,51.94,0,4517.4,4566.7,4515.7,4566.0,4466.4,4566.7,4540.1,4517.4,4515.7,4642.1,4650.0,5137.9,5137.9,100.0,19.87,11.0,NA,thermal_near_limit,14586
2026-08-27T07:40:14Z,all_core,940,96.6,NA,61.64,0,4490.7,4541.7,4503.3,4566.7,4456.3,4466.8,4491.6,4490.7,4503.3,4642.1,4650.0,5137.9,5137.9,100.0,19.64,11.0,NA,thermal_near_limit,14586
2026-08-27T07:40:17Z,all_core,943,96.8,NA,56.03,0,4514.8,4566.7,4511.7,4566.7,4465.7,4491.8,4491.8,4514.8,4511.7,4642.1,4650.0,5137.9,5137.9,100.0,19.64,11.0,NA,thermal_near_limit,14586
2026-08-27T07:40:19Z,all_core,946,97.0,NA,59.15,0,4528.1,4566.7,4529.6,4566.7,4451.5,4516.7,4541.6,4528.1,4529.6,4642.1,4650.0,5137.9,5137.9,100.0,19.59,11.0,NA,thermal_near_limit,14586
2026-08-27T07:40:22Z,all_core,948,97.0,NA,56.03,0,4518.4,4566.7,4520.4,4566.7,4441.9,4566.7,4566.5,4518.4,4520.4,4642.1,4650.0,5137.9,5137.9,100.0,19.54,11.0,NA,thermal_near_limit,14586
2026-08-27T07:40:25Z,all_core,951,96.9,NA,55.19,0,4493.7,4541.7,4491.3,4541.7,4439.9,4541.7,4514.3,4493.7,4491.3,4642.1,4650.0,5137.9,5137.9,100.0,19.54,11.0,NA,thermal_near_limit,14586
2026-08-27T07:40:28Z,all_core,954,96.6,NA,57.86,0,4499.6,4565.9,4511.5,4541.7,4441.9,4491.7,4490.5,4499.6,4511.5,4642.1,4650.0,5137.9,5137.9,100.0,19.34,11.0,NA,thermal_near_limit,14586
2026-08-27T07:40:31Z,all_core,957,96.5,NA,56.16,0,4522.6,4566.6,4521.1,4566.7,4448.9,4491.5,4464.4,4522.6,4521.1,4642.1,4650.0,5137.9,5137.9,100.0,19.34,11.0,NA,thermal_near_limit,14586
2026-08-27T07:40:33Z,all_core,960,96.9,NA,56.25,0,4524.0,4566.7,4527.7,4566.7,4461.5,4490.5,4466.8,4524.0,4527.7,4642.1,4650.0,5137.9,5137.9,100.0,19.55,11.1,NA,thermal_near_limit,14586
2026-08-27T07:40:36Z,all_core,962,97.0,NA,60.82,0,4503.3,4566.7,4506.8,4566.7,4432.1,4491.6,4473.8,4503.3,4506.8,4642.1,4650.0,5137.9,5137.9,100.0,19.55,11.0,NA,thermal_near_limit,14586
2026-08-27T07:40:39Z,all_core,965,96.5,NA,57.35,0,4501.4,4565.8,4499.2,4541.7,4439.6,4565.8,4510.8,4501.4,4499.2,4642.1,4650.0,5137.9,5137.9,100.0,19.67,11.1,NA,thermal_near_limit,14586
2026-08-27T07:40:42Z,all_core,968,96.5,NA,54.98,0,4508.7,4541.7,4507.8,4541.7,4434.7,4516.8,4479.1,4508.7,4507.8,4642.1,4650.0,5137.9,5137.9,100.0,19.67,11.0,NA,thermal_near_limit,14586
2026-08-27T07:40:45Z,all_core,971,96.5,NA,60.07,0,4512.6,4541.7,4518.7,4541.7,4466.1,4520.5,4474.6,4512.6,4518.7,4642.1,4650.0,5137.9,5137.9,100.0,19.85,11.0,NA,thermal_near_limit,14586
2026-08-27T07:40:47Z,all_core,974,96.6,NA,57.77,0,4508.2,4541.8,4514.2,4566.1,4453.1,4466.9,4466.1,4508.2,4514.2,4642.1,4650.0,5137.9,5137.9,100.0,19.79,11.0,NA,thermal_near_limit,14586
2026-08-27T07:40:50Z,all_core,976,96.5,NA,59.43,0,4504.3,4541.7,4507.2,4566.6,4450.5,4516.8,4516.8,4504.3,4507.2,4642.1,4650.0,5137.9,5137.9,100.0,19.79,11.0,NA,thermal_near_limit,14586
2026-08-27T07:40:53Z,all_core,979,96.4,NA,58.40,0,4516.4,4541.7,4511.4,4566.6,4466.8,4516.4,4467.4,4516.4,4511.4,4642.1,4650.0,5137.9,5137.9,100.0,19.80,11.0,NA,thermal_near_limit,14586
2026-08-27T07:40:56Z,all_core,982,96.4,NA,55.84,0,4492.3,4565.2,4497.9,4540.9,4434.5,4466.6,4516.7,4492.3,4497.9,4642.1,4650.0,5137.9,5137.9,100.0,19.80,11.0,NA,thermal_near_limit,14586
2026-08-27T07:40:59Z,all_core,985,96.6,NA,64.41,0,4510.6,4566.6,4515.3,4566.7,4466.5,4466.5,4491.8,4510.6,4515.3,4642.1,4650.0,5137.9,5137.9,100.0,19.58,11.0,NA,thermal_near_limit,14586
2026-08-27T07:41:01Z,all_core,988,96.6,NA,62.22,0,4491.0,4541.7,4496.2,4565.8,4436.0,4436.0,4516.4,4491.0,4496.2,4642.1,4650.0,5137.9,5137.9,100.0,19.58,11.0,NA,thermal_near_limit,14586
2026-08-27T07:41:04Z,all_core,990,96.5,NA,59.15,0,4517.3,4564.6,4524.6,4566.7,4466.1,4564.6,4566.4,4517.3,4524.6,4642.1,4650.0,5137.9,5137.9,100.0,19.61,11.0,NA,thermal_near_limit,14586
2026-08-27T07:41:07Z,all_core,993,96.8,NA,58.77,0,4522.1,4566.6,4519.4,4566.7,4466.8,4516.3,4452.2,4522.1,4519.4,4642.1,4650.0,5137.9,5137.9,100.0,19.72,11.0,NA,thermal_near_limit,14586
2026-08-27T07:41:10Z,all_core,996,96.9,NA,6.10,0,4515.2,4566.7,4517.1,4566.7,4466.6,4566.6,4566.4,4515.2,4517.1,4642.1,4650.0,5137.9,5137.9,100.0,19.72,11.0,NA,thermal_near_limit,14586
2026-08-27T07:41:13Z,all_core,999,96.9,NA,8.57,0,4518.1,4566.5,4521.7,4566.7,4466.6,4491.8,4466.7,4518.1,4521.7,4642.1,4650.0,5137.9,5137.9,100.0,20.71,11.0,NA,thermal_near_limit,14586
2026-08-27T07:41:15Z,all_core,1002,96.8,NA,12.67,0,4516.2,4566.4,4517.9,4566.7,4448.2,4516.8,4466.8,4516.2,4517.9,4642.1,4650.0,5137.9,5137.9,100.0,20.71,11.0,NA,thermal_near_limit,14586
2026-08-27T07:41:18Z,all_core,1004,96.9,NA,52.86,0,4520.0,4566.6,4518.1,4566.7,4465.9,4541.7,4541.6,4520.0,4518.1,4642.1,4650.0,5137.9,5137.9,100.0,20.73,11.1,NA,thermal_near_limit,14586
2026-08-27T07:41:21Z,all_core,1007,96.8,NA,1.09,0,4510.8,4566.5,4513.7,4566.2,4441.9,4490.7,4491.8,4510.8,4513.7,4642.1,4650.0,5137.9,5137.9,100.0,20.73,11.1,NA,thermal_near_limit,14586
2026-08-27T07:41:24Z,all_core,1010,96.5,NA,63.50,0,4497.5,4541.7,4496.0,4540.1,4429.8,4516.1,4466.8,4497.5,4496.0,4642.1,4650.0,5137.9,5137.9,100.0,21.63,11.1,NA,thermal_near_limit,14586
2026-08-27T07:41:27Z,all_core,1013,96.4,NA,57.23,0,4519.6,4566.7,4527.1,4566.6,4466.4,4466.4,4541.3,4519.6,4527.1,4642.1,4650.0,5137.9,5137.9,100.0,21.63,11.0,NA,thermal_near_limit,14586
2026-08-27T07:41:29Z,all_core,1016,96.5,NA,54.50,0,4512.4,4566.4,4517.9,4566.7,4466.1,4541.7,4566.7,4512.4,4517.9,4642.1,4650.0,5137.9,5137.9,100.0,21.42,11.0,NA,thermal_near_limit,14586
2026-08-27T07:41:32Z,all_core,1018,96.5,NA,61.88,0,4510.1,4566.7,4508.8,4566.7,4459.8,4566.7,4540.6,4510.1,4508.8,4642.1,4650.0,5137.9,5137.9,100.0,21.23,11.0,NA,thermal_near_limit,14586
2026-08-27T07:41:35Z,all_core,1021,96.5,NA,59.07,0,4487.7,4541.6,4497.5,4566.2,4441.6,4516.7,4491.9,4487.7,4497.5,4642.1,4650.0,5137.9,5137.9,100.0,21.23,11.0,NA,thermal_near_limit,14586
2026-08-27T07:41:38Z,all_core,1024,96.5,NA,60.43,0,4477.6,4516.7,4482.5,4516.8,4441.6,4466.8,4516.3,4477.6,4482.5,4642.1,4650.0,5137.9,5137.9,100.0,20.97,11.0,NA,thermal_near_limit,14586
2026-08-27T07:41:40Z,all_core,1027,96.8,NA,56.39,0,4514.8,4566.6,4517.5,4566.7,4449.7,4466.8,4494.8,4514.8,4517.5,4642.1,4650.0,5137.9,5137.9,100.0,20.97,11.0,NA,thermal_near_limit,14586
2026-08-27T07:41:43Z,all_core,1029,96.9,NA,1.56,0,4506.4,4541.7,4529.6,4566.7,4452.4,4452.8,4522.6,4506.4,4529.6,4642.1,4650.0,5137.9,5137.9,100.0,21.13,11.0,NA,thermal_near_limit,14586
2026-08-27T07:41:46Z,all_core,1032,96.9,NA,58.83,0,4511.3,4566.7,4507.8,4566.7,4466.6,4566.7,4566.5,4511.3,4507.8,4642.1,4650.0,5137.9,5137.9,100.0,21.13,11.0,NA,thermal_near_limit,14586
2026-08-27T07:41:49Z,all_core,1035,96.6,NA,60.27,0,4511.3,4566.5,4509.5,4566.7,4466.9,4490.3,4491.1,4511.3,4509.5,4642.1,4650.0,5137.9,5137.9,100.0,21.12,11.0,NA,thermal_near_limit,14586
2026-08-27T07:41:51Z,all_core,1038,96.5,NA,60.77,0,4512.3,4541.7,4512.6,4565.4,4466.6,4485.2,4484.5,4512.3,4512.6,4642.1,4650.0,5137.9,5137.9,100.0,21.12,11.0,NA,thermal_near_limit,14586
2026-08-27T07:41:54Z,all_core,1041,96.5,NA,62.22,0,4512.3,4566.7,4517.6,4566.6,4466.9,4566.7,4536.2,4512.3,4517.6,4642.1,4650.0,5137.9,5137.9,100.0,20.87,11.0,NA,thermal_near_limit,14586
2026-08-27T07:41:57Z,all_core,1043,96.5,NA,60.80,0,4500.4,4541.7,4501.2,4566.0,4435.5,4491.3,4466.9,4500.4,4501.2,4642.1,4650.0,5137.9,5137.9,100.0,20.88,11.1,NA,thermal_near_limit,14586
2026-08-27T07:42:00Z,all_core,1046,96.6,NA,6.72,0,4512.4,4541.7,4511.7,4566.7,4441.9,4516.8,4516.5,4512.4,4511.7,4642.1,4650.0,5137.9,5137.9,100.0,20.88,11.0,NA,thermal_near_limit,14586
2026-08-27T07:42:03Z,all_core,1049,96.5,NA,62.52,0,4515.4,4541.7,4510.2,4541.7,4465.8,4537.1,4540.2,4515.4,4510.2,4642.1,4650.0,5137.9,5137.9,100.0,20.65,11.1,NA,thermal_near_limit,14586
2026-08-27T07:42:05Z,all_core,1052,96.6,NA,61.37,0,4509.5,4541.7,4517.9,4566.4,4447.7,4541.7,4541.7,4509.5,4517.9,4642.1,4650.0,5137.9,5137.9,100.0,20.65,11.0,NA,thermal_near_limit,14586
2026-08-27T07:42:08Z,all_core,1055,96.6,NA,1.55,0,4505.1,4566.0,4506.6,4565.4,4432.2,4566.0,4491.7,4505.1,4506.6,4642.1,4650.0,5137.9,5137.9,100.0,20.44,11.0,NA,thermal_near_limit,14586
2026-08-27T07:42:11Z,all_core,1057,96.6,NA,63.03,0,4489.8,4541.7,4497.0,4566.3,4438.4,4516.8,4467.1,4489.8,4497.0,4642.1,4650.0,5137.9,5137.9,100.0,20.44,11.0,NA,thermal_near_limit,14586
2026-08-27T07:42:14Z,all_core,1060,96.5,NA,55.83,0,4507.0,4566.1,4507.7,4546.1,4462.2,4536.3,4546.1,4507.0,4507.7,4642.1,4650.0,5137.9,5137.9,100.0,20.24,11.0,NA,thermal_near_limit,14586
2026-08-27T07:42:17Z,all_core,1063,96.8,NA,58.34,0,4520.7,4566.7,4531.5,4566.7,4463.9,4537.0,4566.7,4520.7,4531.5,4642.1,4650.0,5137.9,5137.9,100.0,20.95,11.0,NA,thermal_near_limit,14586
2026-08-27T07:42:20Z,all_core,1066,97.0,NA,54.24,0,4495.5,4565.9,4500.0,4566.6,4416.9,4496.7,4493.8,4495.5,4500.0,4642.1,4650.0,5137.9,5137.9,100.0,20.95,11.0,NA,thermal_near_limit,14586
2026-08-27T07:42:22Z,all_core,1069,96.8,NA,63.39,0,4495.6,4566.7,4513.2,4566.7,4459.3,4516.6,4516.5,4495.6,4513.2,4642.1,4650.0,5137.9,5137.9,100.0,20.87,11.0,NA,thermal_near_limit,14586
2026-08-27T07:42:25Z,all_core,1071,96.9,NA,59.60,0,4519.6,4566.7,4532.6,4566.7,4459.9,4566.1,4566.6,4519.6,4532.6,4642.1,4650.0,5137.9,5137.9,100.0,20.87,11.0,NA,thermal_near_limit,14586
2026-08-27T07:42:28Z,all_core,1074,97.0,NA,57.29,0,4518.9,4566.6,4522.1,4566.7,4449.0,4481.6,4541.2,4518.9,4522.1,4642.1,4650.0,5137.9,5137.9,100.0,21.12,11.0,NA,thermal_near_limit,14586
2026-08-27T07:42:31Z,all_core,1077,96.8,NA,57.74,0,4504.7,4541.5,4494.4,4541.5,4452.4,4491.5,4466.6,4504.7,4494.4,4642.1,4650.0,5137.9,5137.9,99.9,21.12,11.0,NA,thermal_near_limit,14586
2026-08-27T07:42:33Z,all_core,1080,96.5,NA,58.52,0,4458.7,4491.8,4460.7,4491.8,4407.1,4424.4,4441.9,4458.7,4460.7,4642.1,4650.0,5137.9,5137.9,100.0,21.03,11.2,NA,thermal_near_limit,14586
2026-08-27T07:42:36Z,all_core,1082,96.4,NA,62.57,0,4513.8,4541.8,4504.2,4541.8,4446.2,4491.6,4466.8,4513.8,4504.2,4642.1,4650.0,5137.9,5137.9,100.0,21.03,11.1,NA,thermal_near_limit,14586
2026-08-27T07:42:39Z,all_core,1085,96.5,NA,62.88,0,4500.8,4566.6,4501.0,4565.9,4441.6,4566.6,4541.4,4500.8,4501.0,4642.1,4650.0,5137.9,5137.9,100.0,20.87,11.1,NA,thermal_near_limit,14586
2026-08-27T07:42:42Z,all_core,1088,96.6,NA,53.40,0,4512.1,4566.7,4521.8,4566.6,4437.5,4565.7,4566.6,4512.1,4521.8,4642.1,4650.0,5137.9,5137.9,100.0,20.87,11.1,NA,thermal_near_limit,14586
2026-08-27T07:42:44Z,all_core,1091,97.0,NA,6.28,0,4475.9,4566.7,4481.6,4566.6,4391.9,4516.8,4491.8,4475.9,4481.6,4642.1,4650.0,5137.9,5137.9,100.0,20.80,11.1,NA,thermal_near_limit,14586
2026-08-27T07:42:47Z,all_core,1093,97.0,NA,62.12,0,4504.2,4566.5,4516.4,4566.7,4450.7,4513.9,4566.7,4504.2,4516.4,4642.1,4650.0,5137.9,5137.9,100.0,20.65,11.0,NA,thermal_near_limit,14586
2026-08-27T07:42:50Z,all_core,1096,97.0,NA,57.83,0,4533.3,4566.7,4532.9,4566.7,4466.8,4566.5,4541.7,4533.3,4532.9,4642.1,4650.0,5137.9,5137.9,100.0,20.65,11.0,NA,thermal_near_limit,14586
2026-08-27T07:42:53Z,all_core,1099,97.1,NA,51.69,0,4502.2,4541.6,4512.7,4566.7,4449.4,4521.9,4491.2,4502.2,4512.7,4642.1,4650.0,5137.9,5137.9,100.0,20.44,11.0,NA,thermal_near_limit,14586
2026-08-27T07:42:55Z,all_core,1102,97.0,NA,59.64,0,4495.9,4541.3,4497.1,4566.7,4466.6,4499.2,4491.1,4495.9,4497.1,4642.1,4650.0,5137.9,5137.9,100.0,20.44,11.0,NA,thermal_near_limit,14586
2026-08-27T07:42:58Z,all_core,1104,96.9,NA,51.56,0,4513.1,4541.7,4506.6,4566.6,4466.8,4491.8,4491.1,4513.1,4506.6,4642.1,4650.0,5137.9,5137.9,100.0,20.25,11.0,NA,thermal_near_limit,14586
2026-08-27T07:43:01Z,all_core,1107,96.8,NA,55.78,0,4489.6,4566.7,4490.2,4541.7,4416.9,4566.7,4541.7,4489.6,4490.2,4642.1,4650.0,5137.9,5137.9,100.0,20.25,11.0,NA,thermal_near_limit,14586
2026-08-27T07:43:04Z,all_core,1110,96.5,NA,62.43,0,4514.4,4566.1,4511.5,4541.5,4465.0,4540.9,4528.4,4514.4,4511.5,4642.1,4650.0,5137.9,5137.9,100.0,19.98,11.1,NA,thermal_near_limit,14586
2026-08-27T07:43:07Z,all_core,1113,96.6,NA,60.77,0,4502.0,4541.7,4510.5,4565.8,4456.3,4529.7,4541.7,4502.0,4510.5,4642.1,4650.0,5137.9,5137.9,100.0,19.98,11.0,NA,thermal_near_limit,14586
2026-08-27T07:43:09Z,all_core,1116,96.6,NA,56.41,0,4498.1,4541.8,4503.0,4541.7,4441.3,4486.4,4466.8,4498.1,4503.0,4642.1,4650.0,5137.9,5137.9,100.0,19.75,11.1,NA,thermal_near_limit,14586
2026-08-27T07:43:12Z,all_core,1118,96.6,NA,55.46,0,4510.5,4541.7,4518.5,4566.7,4450.6,4536.0,4516.4,4510.5,4518.5,4642.1,4650.0,5137.9,5137.9,100.0,20.01,11.0,NA,thermal_near_limit,14586
2026-08-27T07:43:15Z,all_core,1121,96.6,NA,60.38,0,4522.2,4566.7,4529.5,4566.7,4463.2,4491.6,4541.6,4522.2,4529.5,4642.1,4650.0,5137.9,5137.9,100.0,20.01,11.0,NA,thermal_near_limit,14586
2026-08-27T07:43:18Z,all_core,1124,96.9,NA,59.90,0,4510.3,4566.7,4514.9,4566.7,4466.5,4566.7,4566.7,4510.3,4514.9,4642.1,4650.0,5137.9,5137.9,100.0,20.01,11.1,NA,thermal_near_limit,14586
2026-08-27T07:43:21Z,all_core,1127,96.8,NA,55.97,0,4502.3,4541.7,4509.5,4566.7,4417.0,4441.7,4416.7,4502.3,4509.5,4642.1,4650.0,5137.9,5137.9,100.0,20.01,11.1,NA,thermal_near_limit,14586
2026-08-27T07:43:23Z,all_core,1130,96.5,NA,59.11,0,4525.2,4566.6,4526.9,4566.7,4465.9,4566.4,4566.6,4525.2,4526.9,4642.1,4650.0,5137.9,5137.9,100.0,20.00,11.1,NA,thermal_near_limit,14586
2026-08-27T07:43:26Z,all_core,1133,96.8,NA,63.43,0,4516.3,4566.7,4513.8,4566.7,4466.6,4566.7,4541.5,4516.3,4513.8,4642.1,4650.0,5137.9,5137.9,100.0,20.00,11.0,NA,thermal_near_limit,14586
2026-08-27T07:43:29Z,all_core,1135,96.6,NA,57.84,0,4502.4,4541.6,4501.8,4541.7,4400.5,4516.6,4524.7,4502.4,4501.8,4642.1,4650.0,5137.9,5137.9,100.0,20.00,11.1,NA,thermal_near_limit,14586
2026-08-27T07:43:32Z,all_core,1138,96.6,NA,63.13,0,4504.2,4566.5,4512.5,4547.0,4440.3,4491.8,4491.7,4504.2,4512.5,4642.1,4650.0,5137.9,5137.9,100.0,19.84,11.1,NA,thermal_near_limit,14586
2026-08-27T07:43:35Z,all_core,1141,95.8,NA,0.53,0,4528.1,4566.7,4526.0,4566.7,4466.5,4541.5,4566.7,4528.1,4526.0,4642.1,4650.0,5137.9,5137.9,100.0,19.84,11.1,NA,thermal_near_limit,14586
2026-08-27T07:43:37Z,all_core,1144,96.5,NA,57.13,0,4500.6,4541.7,4508.2,4566.7,4441.6,4516.8,4566.6,4500.6,4508.2,4642.1,4650.0,5137.9,5137.9,100.0,19.70,11.0,NA,thermal_near_limit,14586
2026-08-27T07:43:40Z,all_core,1146,96.2,NA,56.15,0,4471.6,4497.1,4472.5,4491.8,4417.4,4417.4,4441.9,4471.6,4472.5,4642.1,4650.0,5137.9,5137.9,100.0,19.70,11.1,NA,thermal_near_limit,14586
2026-08-27T07:43:43Z,all_core,1149,96.5,NA,63.09,0,4473.4,4541.7,4472.2,4541.6,4416.7,4466.8,4441.0,4473.4,4472.2,4642.1,4650.0,5137.9,5137.9,100.0,19.56,11.1,NA,thermal_near_limit,14586
2026-08-27T07:43:46Z,all_core,1152,96.6,NA,55.29,0,4500.5,4541.7,4508.3,4566.7,4432.0,4460.2,4491.8,4500.5,4508.3,4642.1,4650.0,5137.9,5137.9,100.0,19.56,11.0,NA,thermal_near_limit,14586
2026-08-27T07:43:49Z,all_core,1155,96.4,NA,54.08,0,4517.3,4566.7,4516.4,4566.1,4454.3,4467.1,4541.7,4517.3,4516.4,4642.1,4650.0,5137.9,5137.9,100.0,19.51,11.0,NA,thermal_near_limit,14586
2026-08-27T07:43:51Z,all_core,1158,96.0,NA,64.20,0,4490.1,4541.8,4495.6,4541.7,4441.9,4466.8,4466.8,4490.1,4495.6,4642.1,4650.0,5137.9,5137.9,100.0,19.51,11.0,NA,thermal_near_limit,14586
2026-08-27T07:43:54Z,all_core,1160,96.6,NA,58.30,0,4488.5,4539.7,4487.7,4541.5,4410.3,4491.5,4456.7,4488.5,4487.7,4642.1,4650.0,5137.9,5137.9,100.0,19.55,11.0,NA,thermal_near_limit,14586
2026-08-27T07:43:57Z,all_core,1163,96.5,NA,63.60,0,4521.0,4541.7,4513.7,4541.7,4466.4,4491.3,4469.3,4521.0,4513.7,4642.1,4650.0,5137.9,5137.9,100.0,19.59,11.0,NA,thermal_near_limit,14586
2026-08-27T07:44:00Z,all_core,1166,96.6,NA,61.54,0,4509.8,4565.8,4505.4,4566.5,4451.4,4491.4,4476.5,4509.8,4505.4,4642.1,4650.0,5137.9,5137.9,100.0,19.59,11.0,NA,thermal_near_limit,14586
2026-08-27T07:44:03Z,all_core,1169,96.5,NA,60.66,0,4518.7,4566.7,4516.9,4566.7,4441.9,4491.7,4566.7,4518.7,4516.9,4642.1,4650.0,5137.9,5137.9,100.0,19.54,11.0,NA,thermal_near_limit,14586
2026-08-27T07:44:05Z,all_core,1172,97.0,NA,3.54,0,4502.1,4566.6,4491.8,4541.7,4440.1,4565.9,4541.7,4502.1,4491.8,4642.1,4650.0,5137.9,5137.9,100.0,19.54,11.0,NA,thermal_near_limit,14586
2026-08-27T07:44:08Z,all_core,1174,96.8,NA,58.41,0,4507.3,4541.8,4512.1,4566.2,4466.8,4541.6,4523.9,4507.3,4512.1,4642.1,4650.0,5137.9,5137.9,100.0,19.42,11.0,NA,thermal_near_limit,14586
2026-08-27T07:44:11Z,all_core,1177,96.2,NA,63.46,0,4524.5,4566.7,4526.2,4566.7,4466.5,4566.7,4509.9,4524.5,4526.2,4642.1,4650.0,5137.9,5137.9,100.0,19.42,11.0,NA,thermal_near_limit,14586
2026-08-27T07:44:14Z,all_core,1180,96.9,NA,57.84,0,4510.0,4566.6,4513.9,4566.7,4453.2,4566.0,4566.4,4510.0,4513.9,4642.1,4650.0,5137.9,5137.9,100.0,19.31,11.0,NA,thermal_near_limit,14586
2026-08-27T07:44:16Z,all_core,1183,97.0,NA,53.24,0,4517.6,4566.7,4510.6,4566.1,4466.2,4540.8,4541.3,4517.6,4510.6,4642.1,4650.0,5137.9,5137.9,100.0,19.31,11.1,NA,thermal_near_limit,14586
2026-08-27T07:44:19Z,all_core,1185,97.0,NA,59.53,0,4500.0,4566.1,4501.9,4541.8,4416.9,4416.9,4441.9,4500.0,4501.9,4642.1,4650.0,5137.9,5137.9,100.0,19.36,11.0,NA,thermal_near_limit,14586
2026-08-27T07:44:22Z,all_core,1188,96.8,NA,55.47,0,4512.8,4566.4,4516.9,4566.7,4466.1,4520.3,4500.4,4512.8,4516.9,4642.1,4650.0,5137.9,5137.9,100.0,19.25,11.0,NA,thermal_near_limit,14586
2026-08-27T07:44:25Z,all_core,1191,96.8,NA,60.29,0,4481.8,4516.8,4483.4,4541.5,4410.3,4491.7,4516.8,4481.8,4483.4,4642.1,4650.0,5137.9,5137.9,100.0,19.25,11.0,NA,thermal_near_limit,14586
2026-08-27T07:44:27Z,all_core,1194,97.1,NA,64.25,0,4521.5,4566.3,4531.5,4566.7,4466.2,4491.8,4529.7,4521.5,4531.5,4642.1,4650.0,5137.9,5137.9,100.0,19.23,11.0,NA,thermal_near_limit,14586
2026-08-27T07:44:30Z,all_core,1196,97.0,NA,57.26,0,4508.1,4566.7,4510.0,4566.6,4454.6,4491.7,4466.0,4508.1,4510.0,4642.1,4650.0,5137.9,5137.9,100.0,19.23,11.0,NA,thermal_near_limit,14586
2026-08-27T07:44:33Z,all_core,1199,97.0,NA,52.17,0,4523.2,4566.7,4528.5,4566.7,4441.7,4516.7,4491.6,4523.2,4528.5,4642.1,4650.0,5137.9,5137.9,100.0,19.21,11.0,NA,thermal_near_limit,14586
2026-08-27T07:44:36Z,all_core,1202,96.6,NA,52.57,0,4506.5,4565.4,4512.0,4541.8,4457.6,4565.4,4540.1,4506.5,4512.0,4642.1,4650.0,5137.9,5137.9,100.0,19.21,11.0,NA,thermal_near_limit,14586
2026-08-27T07:44:39Z,all_core,1205,96.6,NA,60.16,0,4504.1,4541.7,4508.6,4541.7,4461.7,4491.2,4459.9,4504.1,4508.6,4642.1,4650.0,5137.9,5137.9,100.0,19.28,11.1,NA,thermal_near_limit,14586
2026-08-27T07:44:41Z,all_core,1208,96.4,NA,0.64,0,4483.3,4516.7,4489.8,4541.8,4441.7,4465.7,4491.7,4483.3,4489.8,4642.1,4650.0,5137.9,5137.9,100.0,19.28,11.1,NA,thermal_near_limit,14586
2026-08-27T07:44:44Z,all_core,1210,96.5,NA,59.73,0,4520.5,4541.7,4519.9,4566.7,4451.4,4540.8,4566.7,4520.5,4519.9,4642.1,4650.0,5137.9,5137.9,100.0,19.09,11.1,NA,thermal_near_limit,14586
2026-08-27T07:44:47Z,all_core,1213,96.8,NA,57.69,0,4511.5,4566.6,4517.3,4566.6,4449.4,4449.4,4466.8,4511.5,4517.3,4642.1,4650.0,5137.9,5137.9,100.0,19.09,11.0,NA,thermal_near_limit,14586
2026-08-27T07:44:50Z,all_core,1216,96.6,NA,56.32,0,4505.8,4566.6,4511.6,4566.7,4466.6,4466.8,4466.9,4505.8,4511.6,4642.1,4650.0,5137.9,5137.9,100.0,19.09,11.0,NA,thermal_near_limit,14586
2026-08-27T07:44:52Z,all_core,1219,96.5,NA,61.24,0,4486.6,4566.7,4496.4,4566.7,4398.5,4541.7,4566.7,4486.6,4496.4,4642.1,4650.0,5137.9,5137.9,100.0,19.00,11.0,NA,thermal_near_limit,14586
2026-08-27T07:44:55Z,all_core,1221,96.4,NA,57.94,0,4486.2,4541.7,4489.3,4547.0,4440.5,4466.9,4441.9,4486.2,4489.3,4642.1,4650.0,5137.9,5137.9,100.0,19.00,11.0,NA,thermal_near_limit,14586
2026-08-27T07:44:58Z,all_core,1224,96.6,NA,56.91,0,4524.9,4566.6,4527.4,4566.7,4460.1,4491.6,4516.7,4524.9,4527.4,4642.1,4650.0,5137.9,5137.9,100.0,18.92,11.0,NA,thermal_near_limit,14586
2026-08-27T07:45:00Z,all_core,1227,96.9,NA,57.16,0,4520.6,4566.7,4521.7,4566.6,4460.4,4565.2,4541.8,4520.6,4521.7,4642.1,4650.0,5137.9,5137.9,100.0,18.92,11.0,NA,thermal_near_limit,14586
2026-08-27T07:45:03Z,all_core,1230,97.0,NA,59.00,0,4532.7,4566.7,4536.7,4566.7,4466.8,4566.4,4566.7,4532.7,4536.7,4642.1,4650.0,5137.9,5137.9,100.0,18.76,11.1,NA,thermal_near_limit,14586
2026-08-27T07:45:06Z,all_core,1232,97.0,NA,61.34,0,4493.4,4541.7,4490.7,4566.7,4416.8,4516.7,4482.2,4493.4,4490.7,4642.1,4650.0,5137.9,5137.9,100.0,18.76,11.0,NA,thermal_near_limit,14586
2026-08-27T07:45:09Z,all_core,1235,97.0,NA,56.46,0,4524.7,4566.6,4524.2,4566.7,4486.5,4540.4,4541.4,4524.7,4524.2,4642.1,4650.0,5137.9,5137.9,100.0,19.42,11.0,NA,thermal_near_limit,14586
2026-08-27T07:45:12Z,all_core,1238,96.9,NA,56.54,0,4519.6,4566.3,4521.7,4566.7,4465.2,4540.6,4541.7,4519.6,4521.7,4642.1,4650.0,5137.9,5137.9,100.0,19.42,11.0,NA,thermal_near_limit,14586
2026-08-27T07:45:15Z,all_core,1241,97.0,NA,58.39,0,4517.6,4566.7,4518.0,4566.7,4457.3,4566.4,4539.1,4517.6,4518.0,4642.1,4650.0,5137.9,5137.9,100.0,19.79,11.0,NA,thermal_near_limit,14586
2026-08-27T07:45:17Z,all_core,1244,97.0,NA,54.31,0,4493.1,4541.7,4492.4,4544.6,4430.2,4477.5,4516.5,4493.1,4492.4,4642.1,4650.0,5137.9,5137.9,100.0,19.81,11.0,NA,thermal_near_limit,14586
2026-08-27T07:45:20Z,all_core,1246,96.2,NA,57.20,0,4530.4,4565.7,4537.6,4566.7,4477.0,4489.9,4480.9,4530.4,4537.6,4642.1,4650.0,5137.9,5137.9,100.0,19.81,11.0,NA,thermal_near_limit,14586
2026-08-27T07:45:23Z,all_core,1249,97.0,NA,59.71,0,4525.8,4566.7,4523.9,4566.7,4454.2,4516.5,4491.6,4525.8,4523.9,4642.1,4650.0,5137.9,5137.9,100.0,19.58,11.0,NA,thermal_near_limit,14586
2026-08-27T07:45:26Z,all_core,1252,97.1,NA,55.27,0,4512.6,4566.7,4513.1,4566.7,4466.8,4491.3,4503.3,4512.6,4513.1,4642.1,4650.0,5137.9,5137.9,100.0,19.58,11.0,NA,thermal_near_limit,14586
2026-08-27T07:45:28Z,all_core,1255,96.9,NA,53.29,0,4513.4,4566.7,4512.9,4566.7,4466.3,4566.3,4541.3,4513.4,4512.9,4642.1,4650.0,5137.9,5137.9,100.0,20.50,11.0,NA,thermal_near_limit,14586
2026-08-27T07:45:31Z,all_core,1257,96.8,NA,3.87,0,4484.3,4566.6,4493.6,4566.7,4404.9,4448.9,4466.6,4484.3,4493.6,4642.1,4650.0,5137.9,5137.9,100.0,20.50,11.0,NA,thermal_near_limit,14586
2026-08-27T07:45:34Z,all_core,1260,96.8,NA,58.44,0,4500.0,4566.7,4499.6,4566.5,4440.5,4566.7,4516.7,4500.0,4499.6,4642.1,4650.0,5137.9,5137.9,100.0,20.30,11.0,NA,thermal_near_limit,14586
2026-08-27T07:45:37Z,all_core,1263,96.8,NA,57.13,0,4518.9,4541.7,4513.4,4541.7,4462.2,4466.9,4516.7,4518.9,4513.4,4642.1,4650.0,5137.9,5137.9,100.0,20.30,11.0,NA,thermal_near_limit,14586
2026-08-27T07:45:40Z,all_core,1266,96.9,NA,58.73,0,4503.9,4541.7,4500.8,4541.7,4439.9,4467.0,4541.4,4503.9,4500.8,4642.1,4650.0,5137.9,5137.9,100.0,20.27,11.0,NA,thermal_near_limit,14586
2026-08-27T07:45:42Z,all_core,1269,96.8,NA,60.61,0,4501.5,4541.6,4512.6,4566.7,4463.7,4463.7,4491.7,4501.5,4512.6,4642.1,4650.0,5137.9,5137.9,100.0,20.09,11.0,NA,thermal_near_limit,14586
2026-08-27T07:45:45Z,all_core,1271,96.8,NA,59.01,0,4508.0,4541.7,4510.5,4541.7,4431.2,4491.9,4491.8,4508.0,4510.5,4642.1,4650.0,5137.9,5137.9,100.0,20.09,11.0,NA,thermal_near_limit,14586
2026-08-27T07:45:48Z,all_core,1274,96.6,NA,58.22,0,4494.0,4566.6,4497.3,4566.6,4430.0,4566.6,4566.6,4494.0,4497.3,4642.1,4650.0,5137.9,5137.9,100.0,20.88,11.0,NA,thermal_near_limit,14586
2026-08-27T07:45:51Z,all_core,1277,96.6,NA,57.15,0,4499.0,4566.1,4503.5,4541.7,4445.3,4518.2,4539.5,4499.0,4503.5,4642.1,4650.0,5137.9,5137.9,100.0,20.88,11.0,NA,thermal_near_limit,14586
2026-08-27T07:45:53Z,all_core,1280,96.5,NA,6.24,0,4514.2,4566.7,4522.4,4566.7,4465.9,4541.6,4491.3,4514.2,4522.4,4642.1,4650.0,5137.9,5137.9,100.0,21.61,11.0,NA,thermal_near_limit,14586
2026-08-27T07:45:56Z,all_core,1282,96.6,NA,62.46,0,4499.1,4539.6,4503.0,4541.7,4466.8,4516.8,4516.5,4499.1,4503.0,4642.1,4650.0,5137.9,5137.9,100.0,21.61,11.0,NA,thermal_near_limit,14586
2026-08-27T07:45:59Z,all_core,1285,96.6,NA,58.61,0,4504.9,4541.8,4503.3,4566.7,4427.7,4491.8,4473.5,4504.9,4503.3,4642.1,4650.0,5137.9,5137.9,100.0,21.33,11.0,NA,thermal_near_limit,14586
2026-08-27T07:46:02Z,all_core,1288,96.6,NA,58.27,0,4508.4,4566.6,4515.1,4566.4,4441.9,4566.6,4541.7,4508.4,4515.1,4642.1,4650.0,5137.9,5137.9,100.0,21.33,11.1,NA,thermal_near_limit,14586
2026-08-27T07:46:04Z,all_core,1291,96.9,NA,54.65,0,4506.2,4541.4,4510.6,4566.7,4465.7,4465.7,4457.1,4506.2,4510.6,4642.1,4650.0,5137.9,5137.9,100.0,21.14,11.1,NA,thermal_near_limit,14586
2026-08-27T07:46:07Z,all_core,1293,96.9,NA,2.00,0,4479.3,4566.7,4485.7,4546.3,4413.3,4521.3,4516.8,4479.3,4485.7,4642.1,4650.0,5137.9,5137.9,100.0,21.37,11.1,NA,thermal_near_limit,14586
2026-08-27T07:46:10Z,all_core,1296,96.8,NA,57.90,0,4520.2,4566.6,4516.6,4566.7,4465.7,4541.7,4566.7,4520.2,4516.6,4642.1,4650.0,5137.9,5137.9,100.0,21.37,11.0,NA,thermal_near_limit,14586
2026-08-27T07:46:13Z,all_core,1299,96.6,NA,60.00,0,4522.0,4566.6,4514.0,4541.5,4466.8,4538.9,4535.4,4522.0,4514.0,4642.1,4650.0,5137.9,5137.9,100.0,21.10,11.0,NA,thermal_near_limit,14586
2026-08-27T07:46:15Z,all_core,1302,96.5,NA,57.93,0,4504.3,4566.7,4501.7,4565.7,4465.8,4566.7,4539.1,4504.3,4501.7,4642.1,4650.0,5137.9,5137.9,100.0,21.10,11.0,NA,thermal_near_limit,14586
2026-08-27T07:46:18Z,all_core,1304,96.5,NA,60.40,0,4496.4,4566.7,4495.3,4566.6,4441.6,4566.7,4566.6,4496.4,4495.3,4642.1,4650.0,5137.9,5137.9,100.0,20.77,11.0,NA,thermal_near_limit,14586
2026-08-27T07:46:21Z,all_core,1307,96.8,NA,5.29,0,4504.9,4541.7,4507.1,4541.7,4466.4,4541.0,4491.5,4504.9,4507.1,4642.1,4650.0,5137.9,5137.9,100.0,20.77,11.0,NA,thermal_near_limit,14586
2026-08-27T07:46:23Z,all_core,1310,96.5,NA,58.05,0,4511.8,4541.7,4515.0,4566.7,4441.7,4441.7,4431.0,4511.8,4515.0,4642.1,4650.0,5137.9,5137.9,100.0,20.55,11.0,NA,thermal_near_limit,14586
2026-08-27T07:46:26Z,all_core,1312,96.6,NA,62.91,0,4505.9,4541.6,4510.2,4566.6,4450.3,4516.8,4566.6,4505.9,4510.2,4642.1,4650.0,5137.9,5137.9,100.0,20.55,11.0,NA,thermal_near_limit,14586
2026-08-27T07:46:29Z,all_core,1315,96.5,NA,57.11,0,4523.4,4541.8,4523.0,4566.2,4461.7,4491.7,4540.1,4523.4,4523.0,4642.1,4650.0,5137.9,5137.9,100.0,20.34,11.0,NA,thermal_near_limit,14586
2026-08-27T07:46:32Z,all_core,1318,96.9,NA,51.98,0,4504.1,4566.6,4506.5,4566.6,4441.8,4526.7,4491.7,4504.1,4506.5,4642.1,4650.0,5137.9,5137.9,100.0,20.34,11.0,NA,thermal_near_limit,14586
2026-08-27T07:46:34Z,all_core,1321,96.8,NA,58.20,0,4526.3,4566.2,4532.1,4566.7,4466.8,4565.8,4566.1,4526.3,4532.1,4642.1,4650.0,5137.9,5137.9,100.0,20.24,11.0,NA,thermal_near_limit,14586
2026-08-27T07:46:37Z,all_core,1324,96.1,NA,5.54,0,4516.2,4565.6,4518.8,4565.6,4450.2,4530.4,4540.2,4516.2,4518.8,4642.1,4650.0,5137.9,5137.9,100.0,20.38,11.0,NA,thermal_near_limit,14586
2026-08-27T07:46:40Z,all_core,1326,96.4,NA,60.45,0,4454.0,4491.8,4460.7,4516.8,4411.0,4441.8,4426.7,4454.0,4460.7,4642.1,4650.0,5137.9,5137.9,100.0,20.38,11.1,NA,thermal_near_limit,14586
2026-08-27T07:46:43Z,all_core,1329,96.4,NA,51.82,0,4498.3,4565.8,4499.8,4566.7,4441.7,4565.8,4541.7,4498.3,4499.8,4642.1,4650.0,5137.9,5137.9,100.0,20.19,11.1,NA,thermal_near_limit,14586
2026-08-27T07:46:46Z,all_core,1332,96.5,NA,54.56,0,4528.6,4566.7,4531.1,4566.6,4453.6,4503.3,4541.2,4528.6,4531.1,4642.1,4650.0,5137.9,5137.9,100.0,20.19,11.1,NA,thermal_near_limit,14586
2026-08-27T07:46:48Z,all_core,1335,96.5,NA,60.60,0,4494.3,4566.6,4499.1,4541.2,4424.4,4566.6,4491.8,4494.3,4499.1,4642.1,4650.0,5137.9,5137.9,100.0,20.01,11.1,NA,thermal_near_limit,14586
2026-08-27T07:46:51Z,all_core,1337,96.5,NA,54.14,0,4504.3,4546.0,4517.4,4566.6,4441.9,4441.9,4441.8,4504.3,4517.4,4642.1,4650.0,5137.9,5137.9,100.0,20.01,11.1,NA,thermal_near_limit,14586
2026-08-27T07:46:54Z,all_core,1340,96.8,NA,55.00,0,4533.0,4566.7,4528.9,4566.7,4466.7,4478.8,4566.7,4533.0,4528.9,4642.1,4650.0,5137.9,5137.9,100.0,20.01,11.1,NA,thermal_near_limit,14586
2026-08-27T07:46:57Z,all_core,1343,96.8,NA,63.18,0,4510.1,4566.7,4497.1,4541.7,4465.2,4516.7,4516.8,4510.1,4497.1,4642.1,4650.0,5137.9,5137.9,100.0,20.01,11.1,NA,thermal_near_limit,14586
2026-08-27T07:47:00Z,all_core,1346,96.4,NA,3.37,0,4521.9,4541.7,4512.9,4541.8,4466.7,4541.7,4540.4,4521.9,4512.9,4642.1,4650.0,5137.9,5137.9,100.0,20.01,11.1,NA,thermal_near_limit,14586
2026-08-27T07:47:03Z,all_core,1349,96.6,NA,5.95,0,4519.3,4566.7,4527.1,4566.5,4436.1,4516.8,4516.6,4519.3,4527.1,4642.1,4650.0,5137.9,5137.9,100.0,20.01,11.1,NA,thermal_near_limit,14586
2026-08-27T07:47:05Z,all_core,1352,96.9,NA,65.11,0,4519.1,4566.6,4521.0,4566.7,4464.0,4566.5,4541.6,4519.1,4521.0,4642.1,4650.0,5137.9,5137.9,100.0,20.01,11.1,NA,thermal_near_limit,14586
2026-08-27T07:47:08Z,all_core,1354,96.5,NA,57.06,0,4506.5,4566.2,4513.2,4566.7,4450.2,4475.1,4516.7,4506.5,4513.2,4642.1,4650.0,5137.9,5137.9,100.0,20.01,11.1,NA,thermal_near_limit,14586
2026-08-27T07:47:11Z,all_core,1357,96.4,NA,60.50,0,4510.6,4566.6,4518.9,4566.7,4448.9,4466.6,4506.1,4510.6,4518.9,4642.1,4650.0,5137.9,5137.9,100.0,20.01,11.1,NA,thermal_near_limit,14586
2026-08-27T07:47:14Z,all_core,1360,96.5,NA,59.73,0,4505.3,4566.7,4511.9,4566.6,4441.9,4466.5,4516.6,4505.3,4511.9,4642.1,4650.0,5137.9,5137.9,100.0,19.85,11.1,NA,thermal_near_limit,14586
2026-08-27T07:47:16Z,all_core,1363,96.5,NA,1.02,0,4515.8,4566.6,4516.4,4566.5,4453.6,4466.7,4491.8,4515.8,4516.4,4642.1,4650.0,5137.9,5137.9,100.0,19.85,11.1,NA,thermal_near_limit,14586
2026-08-27T07:47:19Z,all_core,1365,96.6,NA,58.50,0,4501.5,4566.7,4500.6,4541.7,4441.9,4516.7,4491.6,4501.5,4500.6,4642.1,4650.0,5137.9,5137.9,100.0,19.70,11.0,NA,thermal_near_limit,14586
2026-08-27T07:47:22Z,all_core,1368,96.6,NA,55.68,0,4472.7,4516.7,4475.1,4516.7,4426.5,4472.3,4465.8,4472.7,4475.1,4642.1,4650.0,5137.9,5137.9,100.0,19.72,11.1,NA,thermal_near_limit,14586
2026-08-27T07:47:25Z,all_core,1371,96.5,NA,58.33,0,4503.0,4541.7,4508.4,4566.7,4453.5,4491.8,4491.8,4503.0,4508.4,4642.1,4650.0,5137.9,5137.9,100.0,19.72,11.1,NA,thermal_near_limit,14586
2026-08-27T07:47:27Z,all_core,1374,96.5,NA,62.10,0,4519.8,4541.8,4518.1,4566.7,4462.9,4541.6,4541.7,4519.8,4518.1,4642.1,4650.0,5137.9,5137.9,100.0,19.66,11.1,NA,thermal_near_limit,14586
2026-08-27T07:47:30Z,all_core,1376,96.4,NA,55.33,0,4496.9,4541.7,4504.1,4566.7,4433.2,4433.2,4491.7,4496.9,4504.1,4642.1,4650.0,5137.9,5137.9,100.0,19.66,11.1,NA,thermal_near_limit,14586
2026-08-27T07:47:33Z,all_core,1379,96.5,NA,58.10,0,4472.8,4516.8,4473.6,4516.8,4416.8,4450.6,4491.7,4472.8,4473.6,4642.1,4650.0,5137.9,5137.9,100.0,19.53,11.0,NA,thermal_near_limit,14586
2026-08-27T07:47:36Z,all_core,1382,96.2,NA,54.76,0,4472.4,4516.8,4478.0,4540.5,4441.9,4516.8,4491.6,4472.4,4478.0,4642.1,4650.0,5137.9,5137.9,100.0,19.53,11.3,NA,thermal_near_limit,14586
2026-08-27T07:47:38Z,all_core,1385,96.4,NA,59.51,0,4513.6,4566.5,4526.1,4566.7,4441.9,4441.9,4470.1,4513.6,4526.1,4642.1,4650.0,5137.9,5137.9,100.0,19.57,11.3,NA,thermal_near_limit,14586
2026-08-27T07:47:41Z,all_core,1387,96.5,NA,57.99,0,4509.0,4566.7,4514.0,4566.5,4429.0,4464.5,4466.8,4509.0,4514.0,4642.1,4650.0,5137.9,5137.9,100.0,19.57,11.2,NA,thermal_near_limit,14586
2026-08-27T07:47:44Z,all_core,1390,96.9,NA,59.27,0,4489.1,4566.5,4489.0,4566.6,4430.2,4466.8,4516.8,4489.1,4489.0,4642.1,4650.0,5137.9,5137.9,100.0,19.44,11.2,NA,thermal_near_limit,14586
2026-08-27T07:47:47Z,all_core,1393,96.8,NA,58.84,0,4501.6,4566.6,4505.6,4566.7,4416.9,4566.6,4516.3,4501.6,4505.6,4642.1,4650.0,5137.9,5137.9,100.0,19.44,11.2,NA,thermal_near_limit,14586
2026-08-27T07:47:50Z,all_core,1396,96.6,NA,52.52,0,4518.7,4541.7,4519.7,4566.6,4491.4,4528.8,4541.7,4518.7,4519.7,4642.1,4650.0,5137.9,5137.9,100.0,19.49,11.2,NA,thermal_near_limit,14586
2026-08-27T07:47:52Z,all_core,1399,96.9,NA,57.36,0,4531.6,4566.7,4531.7,4566.7,4491.2,4516.2,4566.5,4531.6,4531.7,4642.1,4650.0,5137.9,5137.9,100.0,19.37,11.1,NA,thermal_near_limit,14586
2026-08-27T07:47:55Z,all_core,1401,96.9,NA,53.87,0,4473.4,4540.8,4477.5,4541.6,4416.9,4540.8,4516.7,4473.4,4477.5,4642.1,4650.0,5137.9,5137.9,100.0,19.37,11.1,NA,thermal_near_limit,14586
2026-08-27T07:47:58Z,all_core,1404,96.5,NA,60.75,0,4492.8,4541.7,4501.5,4541.7,4426.2,4541.6,4541.7,4492.8,4501.5,4642.1,4650.0,5137.9,5137.9,100.0,19.42,11.1,NA,thermal_near_limit,14586
2026-08-27T07:48:01Z,all_core,1407,96.5,NA,59.74,0,4517.8,4566.6,4526.6,4566.7,4463.6,4466.8,4491.7,4517.8,4526.6,4642.1,4650.0,5137.9,5137.9,100.0,19.42,11.1,NA,thermal_near_limit,14586
2026-08-27T07:48:04Z,all_core,1410,96.6,NA,61.79,0,4502.4,4566.7,4502.1,4566.5,4440.7,4566.7,4541.5,4502.4,4502.1,4642.1,4650.0,5137.9,5137.9,100.0,19.31,11.1,NA,thermal_near_limit,14586
2026-08-27T07:48:06Z,all_core,1413,96.8,NA,57.70,0,4496.3,4539.3,4502.5,4541.7,4429.2,4466.8,4491.8,4496.3,4502.5,4642.1,4650.0,5137.9,5137.9,100.0,19.31,11.1,NA,thermal_near_limit,14586
2026-08-27T07:48:09Z,all_core,1415,96.8,NA,54.60,0,4512.7,4541.7,4508.9,4565.6,4466.8,4541.6,4565.6,4512.7,4508.9,4642.1,4650.0,5137.9,5137.9,100.0,19.20,11.1,NA,thermal_near_limit,14586
2026-08-27T07:48:12Z,all_core,1418,96.5,NA,62.59,0,4510.3,4541.7,4524.7,4566.7,4457.1,4493.3,4516.8,4510.3,4524.7,4642.1,4650.0,5137.9,5137.9,100.0,19.20,11.1,NA,thermal_near_limit,14586
2026-08-27T07:48:14Z,all_core,1421,96.9,NA,59.40,0,4492.1,4566.7,4499.8,4566.7,4440.7,4441.6,4449.0,4492.1,4499.8,4642.1,4650.0,5137.9,5137.9,100.0,19.18,11.0,NA,thermal_near_limit,14586
2026-08-27T07:48:17Z,all_core,1423,97.0,NA,58.20,0,4530.3,4566.7,4524.0,4566.7,4466.8,4566.3,4566.5,4530.3,4524.0,4642.1,4650.0,5137.9,5137.9,100.0,19.25,11.0,NA,thermal_near_limit,14586
